Titel;URL
Do Schools Need Air Conditioning?;https://www.youtube.com/watch?v=ur1R3_97eHk
It’s not a question of whether artificial intelligence (AI) belongs in schools. The question is: ...;https://www.youtube.com/watch?v=v_E-ZTbzCIw
10 Assignments for Summer Break!;https://www.youtube.com/watch?v=dYkB5IrQTMA
The Challenge - A Truly Great Educational Concept!;https://www.youtube.com/watch?v=Pnf-cmOW1AM
Oral final exam - How to pass the exam successfully!;https://www.youtube.com/watch?v=Y__EAxdDuPE
Composite body - Calculate volume by subtraction;https://www.youtube.com/watch?v=AFWktTrf5zY
Parallelogram - Properties: Vertices, sides, angles, diagonals;https://www.youtube.com/watch?v=7w9Sno22AJE
Parallelogram - Calculate area;https://www.youtube.com/watch?v=TIdiw4qsxTg
Composite solid - Calculate volume (two cuboids) | Teacher Schmidt;https://www.youtube.com/watch?v=YuhxZrArwJE
Constructing a square - with a set square (without boxes) | Teacher Schmidt;https://www.youtube.com/watch?v=AZxGPuWO-zY
Three questions for you! The Ship of Theseus - Is it still the same?;https://www.youtube.com/watch?v=DkzpVH2htlQ
Constructing a rectangle - with a set square (without squares) | Teacher Schmidt;https://www.youtube.com/watch?v=9p9vCKwqO48
10 tasks for the Easter holidays!;https://www.youtube.com/watch?v=WghxXwldoW0
Linear function - Calculate the intersection point of two functions (straight lines).;https://www.youtube.com/watch?v=1zjpnWLLbGc
Linear function - finding the intersection point of two lines graphically;https://www.youtube.com/watch?v=mgDet0KN8NQ
Linear function - Calculate table of values;https://www.youtube.com/watch?v=D4C3ndCtqao
Linear function - create a table of values ​​by reading off values;https://www.youtube.com/watch?v=i--3aGTtzgY
Parallelogram - Calculate the circumference;https://www.youtube.com/watch?v=xEZM_s0ZtLk
Graphing a linear function - four examples - simply explained | Teacher Schmidt;https://www.youtube.com/watch?v=oEXxdzOJ3HE
Parallelogram - Calculate the perimeter using the Pythagorean theorem;https://www.youtube.com/watch?v=NJe-EzWX6TQ
If the mid-year report card isn't so good...;https://www.youtube.com/watch?v=ue5WuMUC1hw
Coordinate system - plotting points - explained very simply;https://www.youtube.com/watch?v=2N9Xtdj2clI
Coordinate system - reading points;https://www.youtube.com/watch?v=mw04J8fquEo
Creating a coordinate system - here's how to do it right!;https://www.youtube.com/watch?v=zbHaOvM9zVs
No ice for schools? - A difficult decision!;https://www.youtube.com/watch?v=gdhGarK8dQ4
10 good New Year's resolutions!;https://www.youtube.com/watch?v=fB2Oi6czu1M
Simple interest calculation (1 year) - rearrange the formula to solve for K and p;https://www.youtube.com/watch?v=9aQiaxd4ulc
Simple interest calculation (1 year) - Calculate interest;https://www.youtube.com/watch?v=m-04f4Pgx6Y
Parallelogram - Calculate area using the Pythagorean theorem;https://www.youtube.com/watch?v=2C4tkpxkf40
Solving simple fractional equations;https://www.youtube.com/watch?v=W17816CGFPc
Rectangle - Calculate area - Formula with two example exercises |  Lehrerschmidt;https://www.youtube.com/watch?v=8pQh1dIDAIA
Rectangle - labels, properties, axes of symmetry, and diagonals |  Lehrerschmidt;https://www.youtube.com/watch?v=AohF7gdAGcU
Calculate the perimeter of a square - Formula explained + two examples |  Lehrerschmidt;https://www.youtube.com/watch?v=gwuD1te6V2c
Calculating a square area | simply explained with two examples | Lehrerschmidt;https://www.youtube.com/watch?v=-cD1boIjQ_g
Square - Properties, diagonals and axes of symmetry (mirror axes) |  Lehrerschmidt;https://www.youtube.com/watch?v=-WjG3b5kwLc
Quadrilaterals - Axes of Symmetry (Mirror Axes) |  An Overview by Lehrerschmidt;https://www.youtube.com/watch?v=uXBiEhGk0S4
3. Binomial formula - simply explained with two examples |  Lehrerschmidt;https://www.youtube.com/watch?v=6ZXksIFEHH4
2. Binomial formula - simply explained with two examples |  Lehrerschmidt;https://www.youtube.com/watch?v=mU4yQjmDoyA
Quadrilaterals - an overview: square, rectangle, rhombus, trapezoid, kite and parallelogram;https://www.youtube.com/watch?v=Wl_TbIOAK44
Simplifying terms - simple division |  Lehrerschmidt;https://www.youtube.com/watch?v=SDAwdEGgXGA
Artificial Intelligence - AI - in school - We need to talk!;https://www.youtube.com/watch?v=-oYyA-1RME8
1. binomial formula - with graphical explanation |  Lehrerschmidt;https://www.youtube.com/watch?v=D_D4gvqNDdE
Multiplying two parentheses | Terms and equations | Lehrerschmidt;https://www.youtube.com/watch?v=GGo7qilf340
Calculate x | Solve simple equations | Lehrerschmidt;https://www.youtube.com/watch?v=isudBsbEAhQ
Factoring out | Terms and equations | Simply explained by Lehrerschmidt;https://www.youtube.com/watch?v=M-ffRnUj9pI
Expanding from parentheses (simple) | Terms and equations | Lehrerschmidt;https://www.youtube.com/watch?v=Ul7YU698wzI
Combining terms - simple multiplication |  Lehrerschmidt;https://www.youtube.com/watch?v=0dqHdKfoO8Q
Learn vocabulary quickly and permanently with flashcards |  Lehrerschmidt;https://www.youtube.com/watch?v=USWdgUkbgYQ
Combining terms III - with fractions | simply explained by Lehrerschmidt;https://www.youtube.com/watch?v=psaAK9kXKpI
Combining terms II - adding and subtracting | simply explained by Lehrerschmidt;https://www.youtube.com/watch?v=NRaWEiFwh6s
Summarizing terms - an easy introduction to the topic | Lehrerschmidt;https://www.youtube.com/watch?v=jBAU3Sdq3aU
10 tips for the new school year – how to get off to a good start!;https://www.youtube.com/watch?v=WTxWYCt0Ls4
10 tasks you have to do during the summer holidays!;https://www.youtube.com/watch?v=OnsMbTEi-tI
Original list and ranking list - Statistics and probability theory |  Lehrerschmidt;https://www.youtube.com/watch?v=Fo5P39oMCwk
Interest calculation - Changing the interest formula | simply explained by Lehrerschmidt;https://www.youtube.com/watch?v=DzgBiklsRHo
Calculate compound interest with the formula - quick method | simply explained by Lehrerschmidt;https://www.youtube.com/watch?v=Njv89kOWFzM
Interest calculation over several years – a long path with compound interest |  Lehrerschmidt;https://www.youtube.com/watch?v=E5vVgJDd7Yw
Interest calculation with interest days - three example tasks;https://www.youtube.com/watch?v=1MZrTO7dpAA
Interest calculation - formula with months - simply explained | Lehrerschmidt;https://www.youtube.com/watch?v=ckz4fkoxkVQ
Interest calculation – basic formulas and terms explained simply |  Lehrerschmidt;https://www.youtube.com/watch?v=MgeUs-fppBA
Quickly calculate a discount or cash discount (percentage factor) | simply explained by Lehrersch...;https://www.youtube.com/watch?v=VxZe9NaPZbM
Quickly calculate value added tax (VAT) (percentage factor) | simply explained by Lehrerschmidt;https://www.youtube.com/watch?v=cTkZPfM3N8c
Percentage calculation with formula - calculate percentage (p) | simply explained by Lehrerschmidt;https://www.youtube.com/watch?v=xh3aWMHGyw4
Percentage calculation with formula - Calculate base value (G) - Lehrerschmidt;https://www.youtube.com/watch?v=VIQzSrTaiS4
Percentage factor (simple) - quick percentage calculation | Lehrerschmidt;https://www.youtube.com/watch?v=i0IvbHLuTLw
Percentage calculation with formula - calculate percentage value (W) | Lehrerschmidt;https://www.youtube.com/watch?v=PiTFi7dFXAI
Rule of three - calculate percentage (p%) - simply explained by Lehrerschmidt;https://www.youtube.com/watch?v=PYAMvUQLcZY
Rule of three - calculate the base value (G) - simply explained by Lehrerschmidt;https://www.youtube.com/watch?v=YMfo-vKIo0o
Bad half-year report card? Risk of promotion? This is what you can do! | Lehrerschmidt;https://www.youtube.com/watch?v=n4qJhMHYwWc
Elternratgeber: Wenn das Halbjahreszeugnis nicht so toll aussieht... | Lehrerschmidt;https://www.youtube.com/watch?v=LFKRiOWdX5k
Rule of three - calculate percentage value | This is how the rule of three works! | Lehrerschmidt;https://www.youtube.com/watch?v=qezXCuGFZ8A
Constructing the perpendicular bisector with a compass | simply explained by Lehrerschmidt;https://www.youtube.com/watch?v=9QjBJWq1KUo
Dividing powers with the same base or the same exponent | Lehrerschmidt;https://www.youtube.com/watch?v=TFFIjonEL4c
Multiplying powers with the same base or exponent | Lehrerschmidt;https://www.youtube.com/watch?v=jstkmUnbFqY
Merry Christmas - What's for dinner today?;https://www.youtube.com/watch?v=ve6om0X9RPI
Powers with brackets in the base - calculation rules simply explained | Lehrerschmidt;https://www.youtube.com/watch?v=AmLCv22uxos
Percentage calculation - formula triangle | Learn the formula(s) easily! | Lehrerschmidt;https://www.youtube.com/watch?v=Smqbv6KTHHk
Calculating powers with negative exponents - simple examples | Lehrerschmidt;https://www.youtube.com/watch?v=0mZzbYLarGQ
Powers with a negative base - This is the difference |  Lehrerschmidt;https://www.youtube.com/watch?v=at4S6xLfU5o
Powers of ten - power notation - very large and very small numbers | Lehrerschmidt;https://www.youtube.com/watch?v=4lHr8-mNtv8
Exponentiation - a quick introduction (overview) |  Lehrerschmidt;https://www.youtube.com/watch?v=v9ewM6uZ2Ys
2,000,000 Special - 10 Years of Lehrerschmidt;https://www.youtube.com/watch?v=UUYPBwGaYNE
Parenting Guide - When Mom does homework and studies for exams...;https://www.youtube.com/watch?v=CEQ4TpbkQ_c
Square numbers up to 20 – You have to learn them by heart! |  Lehrerschmidt;https://www.youtube.com/watch?v=PUzbHO-JBV4
Kein Bock! .... für die nächste Arbeit zu lernen! Was kann ich tun?;https://www.youtube.com/watch?v=ObKUACTZc9Y
Exponentiation: Why is x to the power of 0 = 1 | explained by Lehrerschmidt;https://www.youtube.com/watch?v=vnOCrWbZbX4
Exponentiation - base, exponent, power and power value - quickly explained;https://www.youtube.com/watch?v=M6JnZe-yGtI
Here it is! I'm so grateful to you for letting me experience this!;https://www.youtube.com/watch?v=uUSque-zc9I
Elternratgeber: Medienzeit der Kinder - Wie machst Du es?;https://www.youtube.com/watch?v=C8idDQbGnfQ
Now it's official: I am so grateful to you!;https://www.youtube.com/watch?v=v7bSj_z1DeY
Linear function: Does the point lie on the line? Check by reading | Lehrerschmidt;https://www.youtube.com/watch?v=JaZ6y3UVd-A
parallel linear functions have no intersection point |  Lehrerschmidt;https://www.youtube.com/watch?v=5nHirLbc4fc
We're a little nervous.... Will we see each other in Paderborn for the reading?;https://www.youtube.com/watch?v=SbLxSr72scM
linear function - calculate zero;https://www.youtube.com/watch?v=JAqnYlowQjI
Clean out and tidy up... get rid of the junk;https://www.youtube.com/watch?v=8ZkOmRYWixU
linear function - reading the zero |  Lehrerschmidt;https://www.youtube.com/watch?v=icmVzA9fNuw
Now everything works... finally! Thanks for your support! #GamingPC;https://www.youtube.com/watch?v=gf7phXyextQ
lineare Funktion - Wertetabelle erstellen - durch Ablesen im Koordinatensystem | Lehrerschmidt;https://www.youtube.com/watch?v=PV_Nse6Z8l0
Punkt in ein Koordinatensystem eintragen - einfach erklärt | Lehrerschmidt;https://www.youtube.com/watch?v=FjlOTTc4z_U
Creating a coordinate system and plotting a point | Teacher Schmidt - simply explained;https://www.youtube.com/watch?v=xTbG14nvIbQ
Leider muss der PC zur Reparatur... Fehler nicht gefunden! Danke an @Bens_Hardware & @KreativEcke;https://www.youtube.com/watch?v=oSzlfcpxf9o
New PC and unexpected problems... I hadn't imagined it would be that way!;https://www.youtube.com/watch?v=kb2Yvsptr-U
Simplifying expressions - very simple examples to get started with the topic | Teacher Schmidt;https://www.youtube.com/watch?v=lnIhp2lV3yU
Back-to-school review: Test yourself! - Part 8: Rule of three & assignments;https://www.youtube.com/watch?v=SpNzypAl5Ds
Back-to-School Review: Test Yourself! - Part 7: Terms and Equations;https://www.youtube.com/watch?v=dUsQGeKAaKA
Wiederholung zum Schulstart : Teste Dich! - Teil 6: Maßeinheiten;https://www.youtube.com/watch?v=3iqxto3rQvA
Wiederholung zum Schulstart : Teste Dich! - Teil 5: Bruchrechnung;https://www.youtube.com/watch?v=GfOY_va-yng
Back-to-school review: Test yourself! - Part 4: negative numbers;https://www.youtube.com/watch?v=SKSncx439BE
Wiederholung zum Schulstart: Teste Dich! - Teil 3: Addieren und Subtrahieren mit mehreren Zahlen;https://www.youtube.com/watch?v=mhYZVXc7F9o
Back-to-school review: Test yourself! - Part 2: Decimal numbers;https://www.youtube.com/watch?v=tN9xs8P4m18
Wiederholung zum Schulstart: Teste Dich! - Teil 1: Grundrechenarten;https://www.youtube.com/watch?v=K2yQ5HMCHWk
Vorbereitung auf das neue Schuljahr;https://www.youtube.com/watch?v=Qjj_tKfvs6w
Should smartphones be banned in schools?;https://www.youtube.com/watch?v=Jp1iH2oAOjU
Report Cards & Summer Break! - Have a Great Time!;https://www.youtube.com/watch?v=duJEvUKB5Kg
Schulabschluss in der Tasche! Und was kommt jetzt? Ein kleiner Tipp von mir!;https://www.youtube.com/watch?v=Gq3zMEJP8BU
Successfully master your oral exam! Small tips for success! Lehrerschmidt;https://www.youtube.com/watch?v=TDIzOWHCSto
Promotion at risk? What can I do? Tips to still make it through! Lehrerschmidt;https://www.youtube.com/watch?v=62qbtzAAYqQ
Zu Besuch in der TV Sendung „3 nach 9“;https://www.youtube.com/watch?v=yIbO7CQy99I
von der Idee zum Buch ... eine kurze Erzählung - Es wird ein Grundschulratgeber!;https://www.youtube.com/watch?v=0oHIObFYu6s
Wie stehst du zum Thema Hausaufgaben? sinnvoll oder veraltet?;https://www.youtube.com/watch?v=y2b68XWw7ME
To change the school system? What would your suggestion be?;https://www.youtube.com/watch?v=5ekINVgT__Q
Calculate period - interest calculation - KIP formula - convert formula - simply explained |  Leh...;https://www.youtube.com/watch?v=njDLN-o0ct8
Wenn dein Zeugnis nicht so toll aussieht...;https://www.youtube.com/watch?v=TtpfulsUq7k
Kann ich noch ein Referat halten?;https://www.youtube.com/watch?v=PUj0yACFc14
Wir müssen reden: Auf ein ernstes Wort!;https://www.youtube.com/watch?v=qiu0gScRW7M
Greetings from the Autobahn... Why is it like this?;https://www.youtube.com/watch?v=XGPNQqz6cIU
Merry Christmas, dear community!;https://www.youtube.com/watch?v=8m6FaERb6Fw
I need your help: Gaming PC;https://www.youtube.com/watch?v=bYOloEpEvts
60 Cent + 60 Cent = 1,20€ oder 1,2€ ?;https://www.youtube.com/watch?v=XaoWqQvc6FY
Should we all read more again?;https://www.youtube.com/watch?v=G9tPBJRef7U
Einmaleins lernen - Vorgehensweise für Eltern von Lehrerschmidt;https://www.youtube.com/watch?v=_lGHu0xMdio
Northern Italy: Lake Garda, Verona, and Venice - Lehrerschmidt on the road;https://www.youtube.com/watch?v=YIRujQRnJM8
Teacher's Day - Teacher's Day - Who has influenced your life?;https://www.youtube.com/watch?v=N5M-CZRVtmc
Youth Word of the Year 2023 - Goofy, Side Eye or NPC?;https://www.youtube.com/watch?v=K-ux9K8heGA
Abolish school grades and homework? No!;https://www.youtube.com/watch?v=6SCOQZG_8RQ
Visiting Bellevue Palace at the Citizens' Festival 2023;https://www.youtube.com/watch?v=8lvn_ybFafY
Zinssatz berechnen - KIP-Formel - Formel für Zinsmonate | Lehrerschmidt;https://www.youtube.com/watch?v=x4JptYwNvUw
Einladung nach Berlin ins Schloss Bellevue | Lehrerschmidt unterwegs;https://www.youtube.com/watch?v=yzMiFgphhl4
Hausaufgaben erledigt? Das neue Schuljahr beginnt!;https://www.youtube.com/watch?v=9sJ5nAQf1rQ
I Wish You a Wonderful Summer Break! I Have Three Tasks for You! | Lehrerschmidt;https://www.youtube.com/watch?v=2R97vGNp7iw
Propagating basil – it's that easy! |  Lehrerschmidt;https://www.youtube.com/watch?v=X6_XQkk4AfM
Calculate percentage price reduction (long and short route) | Teacher Schmidt;https://www.youtube.com/watch?v=LdLcm8jFMv8
Informatik - erste Schritte - ein kurzes Update und eine Frage | Lehrerschmidt;https://www.youtube.com/watch?v=APe3OmhoI4M
Kein Gassitogo mehr & eine Frage an euch! | Lehrerschmidt;https://www.youtube.com/watch?v=wz6ZN5FQ0yA
Kapital berechnen - Zinsjahr, Zinsmonate, Zinstage - Zinsrechnung | Lehrerschmidt;https://www.youtube.com/watch?v=wgmObe6V9R8
Calculating interest - KIP formula - Formula for interest days | Lehrerschmidt;https://www.youtube.com/watch?v=zv7cC4oG3gE
Zinsen berechnen - KIP-Formel - Formel für Zinsmonate | Lehrerschmidt;https://www.youtube.com/watch?v=aC-d4gJ837Q
Zinsen berechnen - KIP-Formel - Grundformel  (1 Jahr) kennenlernen | Lehrerschmidt;https://www.youtube.com/watch?v=ZywulDFgGAU
Agio und Disagio berechnen | Aufgeld und Abgeld berechnen - Prozentrechnung | Lehrerschmidt;https://www.youtube.com/watch?v=1m-UeheYD3U
Skonto berechnen - Preisnachlass bei sofortiger Zahlung | einfach erklärt von Lehrerschmidt;https://www.youtube.com/watch?v=9ZIhHK1Lr9U
Percentage calculation using a formula - Calculating the base value - Step by step | Lehrerschmidt;https://www.youtube.com/watch?v=MoWWJPpMCBA
Prozentrechnung mit Formel - Prozentsatz berechnen - Schritt für Schritt | Lehrerschmidt;https://www.youtube.com/watch?v=zxpxFQ7iwmI
Percentage calculation with formula - Calculating percentage value - Step by step | Teacher Schmidt;https://www.youtube.com/watch?v=STRLNoknUl4
Prozentrechnung - Formeldreieck - Formeln sicher und einfach notieren | Lehrerschmidt;https://www.youtube.com/watch?v=o8B-kKVSuiU
Prozentrechnung mit Faktor - so geht es noch schneller | Lehrerschmidt;https://www.youtube.com/watch?v=cLzb_wjnvBM
Rule of Three - Calculating the Base Value - Introduction with Very Simple Exercises |  Lehrersch...;https://www.youtube.com/watch?v=K04wnXsmzOE
Rule of Three - Calculating Percentages - Introduction with Simple Exercises | Lehrerschmidt;https://www.youtube.com/watch?v=ydlXV65fbos
Dreisatz - Prozentwert berechnen - Einführung mit einfachen Aufgaben | Lehrerschmidt;https://www.youtube.com/watch?v=FpAzwrPi4kg
Percentage calculations – fast and accurate in your head – with even numbers |  Lehrerschmidt;https://www.youtube.com/watch?v=8GLO5ZH2yHo
Was ist wirklich wichtig? #Gassitogo;https://www.youtube.com/watch?v=k4sxWXEXVFk
Merry Christmas to you! What's for dinner?;https://www.youtube.com/watch?v=EnXsBDno4Ug
Square numbers and square roots from 10 to 20 for memorization and repetition | Teacher Schmidt;https://www.youtube.com/watch?v=b6ELokH7JxI
Potenz als Produkt schreiben  - Potenzschreibweise - Mathematik | Lehrerschmidt;https://www.youtube.com/watch?v=Ws4YNO3hNvc
Das 1.500.000 Nicht-Special | Lehrerschmidt sagt danke!;https://www.youtube.com/watch?v=S-n1yc4QpxQ
Potenzschreibweise - Basis, Exponent, Potenz und Potenzwert | Mathematik - Lehrerschmidt;https://www.youtube.com/watch?v=FPabjK17IQk
Alles multipliziert mit Null ergibt Null | x * 0 = 0 | Grundlagen der Mathematik mit Lehrerschmidt;https://www.youtube.com/watch?v=xfdQtDKT5pY
lineare Funktion in ein Koordinatensystem eintragen - mit einem Steigungsdreieck | Lehrerschmidt;https://www.youtube.com/watch?v=ErD3rr-BQJs
How to determine linear functions from a coordinate system with exercises | Lehrerschmidt;https://www.youtube.com/watch?v=i8FAj-joEt4
Koordinatensystem - Punkte eintragen mit Übung | Lehrerschmidt;https://www.youtube.com/watch?v=3tSlaffcQ2I
Koordinatensystem - Punkte ablesen mit Übung | Lehrerschmidt;https://www.youtube.com/watch?v=KzPknP4c01c
Combining terms (7) - Commutative law - Commutative law | Lehrerschmidt;https://www.youtube.com/watch?v=FXdsW3VoGX8
Sind Hausaufgaben (noch) sinnvoll? Ja und das ist der Grund! | Lehrerschmidt;https://www.youtube.com/watch?v=C56L_BVEQVw
Test yourself! Can you still do it? Review for 9th grade - Rule of three and interest - Lehrersch...;https://www.youtube.com/watch?v=JR2HlPuir6s
Lernen heißt erleben... alles andere ist Information! Sind strenge Lehrerinnen und Lehrer besser?;https://www.youtube.com/watch?v=EYlsp1n_vwI
Test yourself! Can you still do it? (7) Proportional and anti-proportional assignments - Lehrersc...;https://www.youtube.com/watch?v=_9xLJDM7GJs
Youth Word of the Year 2022: Smash! Is it dishonorable to become a maker? #Gassitogo;https://www.youtube.com/watch?v=XFVnHTXERxQ
Teste Dich! Kannst du es noch? (6) - Gleichungen, Flächeninhalt & Volumen | Lehrerschmidt;https://www.youtube.com/watch?v=-T8GqMNaFlo
Test yourself! Can you still do it? Review of the basics for 9th grade (V) | Teacher Schmidt;https://www.youtube.com/watch?v=gEzkhgoxVm8
Teste dich! Kannst du es noch? Wiederholung der Grundlagen für die 9. Klasse (IV) | Lehrerschmidt;https://www.youtube.com/watch?v=Qopq7dDs2ak
Teste Dich! Kannst du es noch? Wiederholung für die 9. Klasse (III) - Lehrerschmidt;https://www.youtube.com/watch?v=EnZFS8N_8y0
Teste dich! Kannst du es noch? Wiederholung der Grundlagen für die 9. Klasse (II) | Lehrerschmidt;https://www.youtube.com/watch?v=LGFz5QzHSNc
Test yourself! Can you still do it? Review of the basics for 9th grade - Teacher Schmidt;https://www.youtube.com/watch?v=NQ2bZuc1NtU
Bruchteile von Brüchen oder ganzen Zahlen berechnen | Lehrerschmidt;https://www.youtube.com/watch?v=-48NU9ifMOQ
Compound interest formula - term in years sought | Teacher Schmidt;https://www.youtube.com/watch?v=AnOC4hEl-WI
9 tips - the right preparation for the next class test or exam | Teacher Schmidt;https://www.youtube.com/watch?v=72DgtAarKx8
Stift, Heft & Mappe oder digital in der Schule? Wo liegen Vorteile und Nachteile?;https://www.youtube.com/watch?v=lN1Oa-XL4iA
10 tips for the new school year: Small things can make the difference!;https://www.youtube.com/watch?v=Vww79Zm7Jtw
Terme zusammenfassen (6) - Distributivgesetz / Verteilungsgesetz | Lehrerschmidt;https://www.youtube.com/watch?v=jzxwy64y5nE
Combining expressions (5) - with negative signs - Teacher Schmidt;https://www.youtube.com/watch?v=0ERr4oMBcdE
What I'll be doing during the summer holidays... #Gassitogo;https://www.youtube.com/watch?v=TpS19ua_tU0
5 tips to beat the heat!! ☀️☀️☀️ I'm hot! What can I do?;https://www.youtube.com/watch?v=or3YD4Pq5x8
Have a great holiday! You are not your report card – use your strengths!;https://www.youtube.com/watch?v=Wjp4JRsXxok
regelmäßige Dreieckspyramide  - Volumen berechnen | einfach erklärt von Lehrerschmidt;https://www.youtube.com/watch?v=pvz1q1htiKg
Kosinus - Ankathete berechnen | Trigonometrie | Lehrerschmidt;https://www.youtube.com/watch?v=R2dyY_1A744
Terme zusammenfassen (4) - dividieren | einfach erklärt von Lehrerschmidt;https://www.youtube.com/watch?v=gQC8FFmcFHo
Combining expressions (3) - multiplication | simply explained by teacher Schmidt;https://www.youtube.com/watch?v=hEp3-Yp9wQo
Terme zusammenfassen (2)  - subtrahieren | einfach erklärt von Lehrerschmidt;https://www.youtube.com/watch?v=Sy6TR-z7zuQ
Terme zusammenfassen (1) - addieren und subtrahieren | einfach erklärt von Lehrerschmidt;https://www.youtube.com/watch?v=PKBC90ZwU8A
10 tips for beautiful handwriting - How you can improve your handwriting! Teacher Schmidt;https://www.youtube.com/watch?v=2ePQH8riroI
A “social year” for everyone?;https://www.youtube.com/watch?v=RknNoq5GIFk
Kosinus - Hypotenuse berechnen - einfach erklärt | Trigonometrie | Lehrerschmidt;https://www.youtube.com/watch?v=kta4McyNcXc
I've graduated from school! Now what should I do? Make the right decision!;https://www.youtube.com/watch?v=jTGTow5R5t8
mündliche Prüfung  -  sicher und gut bestehen! 10 Tipps für Dich!;https://www.youtube.com/watch?v=ZQ7-gWIRxLM
Calculating cosine angles | Trigonometry | Teacher Schmidt;https://www.youtube.com/watch?v=jiBv-UeS9IQ
Cosine calculations with self-checking | Trigonometry | Lehrerschmidt;https://www.youtube.com/watch?v=Fx5AbnnqFxY
Tangens - Gegenkathete berechnen | Trigonometrie - Lehrerschmidt;https://www.youtube.com/watch?v=ZtryBOL0KyA
Calculating the tangent of the adjacent side | Trigonometry | Teacher Schmidt;https://www.youtube.com/watch?v=yLQklgsxFw4
Tangent - Calculating Angles | Trigonometry - Simply Explained | Teacher Schmidt;https://www.youtube.com/watch?v=q76sz4QrIls
Study book or exercise book? - That's the difference and the idea behind it!;https://www.youtube.com/watch?v=M1TnwSO9BiI
Sine calculations with self-checking exercises | Trigonometry | Lehrerschmidt;https://www.youtube.com/watch?v=aiD7htOUwEQ
10 Tipps: Versetzung gefährdet! -  Was kann ich (noch) tun?;https://www.youtube.com/watch?v=cmIWPK36uzQ
Sinus - Winkel berechnen - einfach erklärt - Trigonometrie | Lehrerschmidt;https://www.youtube.com/watch?v=jCA7vesx8qE
Calculating sine and hypotenuse - simple explanation | Trigonometry - Lehrerschmidt;https://www.youtube.com/watch?v=r1eBLo2NNgQ
Calculating the sine function on the opposite side - a simple explanation! Trigonometry - Teacher...;https://www.youtube.com/watch?v=BfSsV50-BGw
Square pyramid - calculate surface area (with a and hs) | Lehrerschmidt - simply explained;https://www.youtube.com/watch?v=ofr43etQWYs
Sphere - Calculate volume - explained very simply with Lehrerschmidt;https://www.youtube.com/watch?v=oaZr9g3lP8g
Calculating the weight of an object using its density | explained simply by teacher Schmidt;https://www.youtube.com/watch?v=OaUh5M4hCO8
Studying for the 2022 Mathematics Final Exam - Secondary School and Middle School |  Lehrerschmidt;https://www.youtube.com/watch?v=p8fQO9sLjj8
Sphere - calculate surface area - simply explained by Lehrerschmidt;https://www.youtube.com/watch?v=zEtuEbUlfUo
Square pyramid - calculate volume (with a and Hk) | simply explained by Lehrerschmidt;https://www.youtube.com/watch?v=3N2g-d1pDkQ
Pyramide - richtig beschriften | Was ist: hk, ha, hs, s und a ? | einfach erklärt von Lehrerschmidt;https://www.youtube.com/watch?v=9mmgxbaVCOA
Kugel  - Radius aus dem Volumen berechnen - Formel umstellen | einfach erklärt von Lehrerschmidt;https://www.youtube.com/watch?v=SQM0-fJK61g
Calculating the surface area of ​​a hemisphere | explained simply by teacher Schmidt;https://www.youtube.com/watch?v=aJJFbgrznzA
Car-free Sunday? Is that a sensible idea? #Gassitogo;https://www.youtube.com/watch?v=JaHJ81EOwcE
Halbkugel  - Volumen berechnen | einfach erklärt von Lehrerschmidt;https://www.youtube.com/watch?v=qPbUNDyG-eQ
Cylinder - Calculating surface area - detailed explanation with two examples | Teacher Schmidt;https://www.youtube.com/watch?v=579dBO-cbMo
Kegel  - Volumen berechnen mit Radius oder Durchmesser | Lehrerschmidt;https://www.youtube.com/watch?v=IsPM8oH5Cmw
Kegel - Oberfläche berechnen - Radius und Höhe gegeben - Lehrerschmidt;https://www.youtube.com/watch?v=7KDWxSPxeJ8
Cylinder - Calculate radius or diameter from volume | Lehrerschmidt - simply explained;https://www.youtube.com/watch?v=H2_ty9p5bTw
Kegel - Radius und Durchmesser aus Volumen berechnen - Formel umstellen | Lehrerschmidt;https://www.youtube.com/watch?v=0L6I6b6CA0E
Four-day workweek – Would that be a work model for you? #Gassitogo;https://www.youtube.com/watch?v=nP8Z4x4NKAE
Are ice-free, heat-free, or storm-free days still appropriate?... or should distance learning tak...;https://www.youtube.com/watch?v=25jqORRGxuY
Cylinder - Calculating volume using radius and diameter | Teacher Schmidt - simply explained;https://www.youtube.com/watch?v=6sf_cvf4xxE
Angles at parallel lines - Understanding relationships | Teacher Schmidt;https://www.youtube.com/watch?v=D_9JeyujdaE
Creating a line chart - simply explained by teacher Schmidt;https://www.youtube.com/watch?v=PmsoHKzybg8
Finding the cube root (third root) - explained simply | Teacher Schmidt;https://www.youtube.com/watch?v=15iZX75AJ5w
10 tips for homeschooling - how to make it work (better)! | Teacher Schmidt;https://www.youtube.com/watch?v=wSLX0iwT_Wc
Decimal Fractions - Multiplication and Division Before Addition and Subtraction, and Parentheses ...;https://www.youtube.com/watch?v=QcEMD-OVPjw
Wenn das Zeugnis nicht so toll aussieht... ein paar einfache Tipps! #Gassitogo;https://www.youtube.com/watch?v=ESrZ_AAc_Lg
Fractions - Multiplication and division before addition and subtraction & parentheses take preced...;https://www.youtube.com/watch?v=HpZsi-rlcPo
Zeugniskonferenz - Wie läuft sie ab und was wird besprochen?;https://www.youtube.com/watch?v=lZExXUM552E
Mein Zeugnis wird nicht gut aussehen! 4 Tipps für bessere Noten! #Gassitogo;https://www.youtube.com/watch?v=ZJYLk1KuHa0
Reduced base value - four example problems with checks | Teacher Schmidt;https://www.youtube.com/watch?v=wDKJ49H8iDg
From standard form to vertex form | Quadratic functions - Lehrerschmidt;https://www.youtube.com/watch?v=ZS3ktdMePpQ
Normal parabola on the side x = y² |  Lehrerschmidt - simply explained;https://www.youtube.com/watch?v=Tftdbt500Vo
Year in Review 2021 - Merkel, Million, 3rd Place and New Channel;https://www.youtube.com/watch?v=haI9HFkhth8
Happy Holidays & Creator of the Year 2021 - 3rd place #Gassitogo;https://www.youtube.com/watch?v=LbJJVyzNXuA
Shifting the standard parabola along the x-axis - simply explained by teacher Schmidt;https://www.youtube.com/watch?v=a7wlE6D2Pf4
Graphing and Calculating the Intersection Point(s) of a Quadratic and a Linear Function;https://www.youtube.com/watch?v=rzm0jBm0cM4
PQ Formel - quadratisch Gleichungen - Nullstellen berechnen - schwierige Aufgaben | Lehrerschmidt;https://www.youtube.com/watch?v=aGmxlKRxT8w
PQ Formel - quadratische Gleichungen - Nullstellen berechnen | Lehrerschmidt;https://www.youtube.com/watch?v=EwITpDN5W1w
"""I don't want to!"" Help, my child doesn't want to go to school! What can I do? #Gassitogo";https://www.youtube.com/watch?v=Oj3J5Rk8F-s
Substitution method - linear systems of equations - five difficult exercises to practice |  Lehre...;https://www.youtube.com/watch?v=J4ZEpqNncdw
Quadratic function - Calculating the span (x-value) of a bridge | Teacher Schmidt;https://www.youtube.com/watch?v=BLYtakRqJAk
Additionsverfahren - lineare Gleichungssysteme lösen - 5 schwierige Übungen | Lehrerschmidt;https://www.youtube.com/watch?v=JVyV_3DFyrc
Quadratic functions - From the function equation to the vertex form;https://www.youtube.com/watch?v=IBDJxFxgPOk
Completing the square - from standard form to vertex form | Lehrerschmidt;https://www.youtube.com/watch?v=0DXjdwpJ3S0
On a personal note... new technology! #Gassitogo;https://www.youtube.com/watch?v=ngwe2RYb5Z0
Quadratic function - no zero - Why you can't take the square root of negative numbers!;https://www.youtube.com/watch?v=RWK9MJj_3CU
Quadratic Function - Calculating Zeros | Simply Explained by Teacher Schmidt;https://www.youtube.com/watch?v=MA3Gma66Jvw
Reaction video: The end of dislikes... and why that's a good thing! #Gassitogo;https://www.youtube.com/watch?v=kJnBI-nJBmY
The end of dislikes... and why that's a good thing! #Gassitogo |  Lehrerschmidt;https://www.youtube.com/watch?v=dPlana777WA
quadratische Funkionen (Parabeln) zeichnen - eine Übersicht - Lehrerschmidt;https://www.youtube.com/watch?v=w4uGBMebiTg
Unsere Lernplattform ist online! Daniel Jung & Lehrerschmidt;https://www.youtube.com/watch?v=J_wGSXLoODI
Standard parabola y=-x² quadratic function opening downwards | Teacher Schmidt;https://www.youtube.com/watch?v=jpWXokYwscI
Help! My child isn't doing their homework! 10 tips for parents! #Gassitogo;https://www.youtube.com/watch?v=wq5YfQ4jDGA
Die Beziehungsebene und der Lernerfolg!;https://www.youtube.com/watch?v=yzN34yYzLQI
Additionsverfahren - lineare Gleichungssysteme - fünf einfache Übungsaufgaben | Lehrerschmidt;https://www.youtube.com/watch?v=EG-KXnbxL38
Catch-up program for students - How is it going at your school?;https://www.youtube.com/watch?v=a1jGUTUi8No
Einsetzungsverfahren - lineare Gleichungssysteme - fünf einfache Übungsaufgaben | Lehrerschmidt;https://www.youtube.com/watch?v=aRekZQ07CJ0
Quadratic function - Calculating the height (y-value) of a bridge | Teacher Schmidt;https://www.youtube.com/watch?v=9C1pw4sxjMI
Quadratic function - Does the point lie on the graph? | Teacher Schmidt;https://www.youtube.com/watch?v=tqS2fuzkYPE
"Lehrerinnen und Lehrer ""duzen""? Ist das besser fürs Lernen?  #Gassitogo";https://www.youtube.com/watch?v=bFz6_zN35wU
Multiplication by tens - it's that easy! | Teacher Schmidt;https://www.youtube.com/watch?v=zYZsOnBTJOs
Graphing quadratic functions (parabolas) - an overview! x², -x², 4x², -4x² 1/8x² -1/8x²;https://www.youtube.com/watch?v=uyrqaMgx4JY
Normalparabel y=x² mit Wertetabelle in ein Koordinatensystem zeichnen | Lehrerschmidt;https://www.youtube.com/watch?v=aFVbg8XjFo0
quadratic function (parabola) - stretched (y=2x²) and compressed (y=1/2x²) Lehrerschmidt;https://www.youtube.com/watch?v=XBLrXimmTUM
Shifting a quadratic function on the y-axis y=x²+1 and y=x²-1 |  Lehrerschmidt;https://www.youtube.com/watch?v=xBZe1j91JEE
Draw a normal parabola y=x² using a table of values ​​in a coordinate system |  Lehrerschmidt.;https://www.youtube.com/watch?v=ggtEEE_xgd0
Potenzen potenzieren - ganz einfach erklärt | Lehrerschmidt;https://www.youtube.com/watch?v=rJVfaCia0Ng
Quadratische Funktion  - Was ist das?;https://www.youtube.com/watch?v=PrMmIPs7dKw
Gleichsetzungsverfahren - 5 schwierige Aufgaben zum Üben | lineare Gleichungssysteme (LGS);https://www.youtube.com/watch?v=qlHtDS3VwHY
Berufsorientierung  - eine schwierige Entscheidung, die eigentlich ganz einfach ist! #Gassitogo;https://www.youtube.com/watch?v=uMpW-fF9AlY
Gleichsetzungsverfahren - 5 einfache Aufgaben zum Üben | lineare Gleichungssysteme (LGS);https://www.youtube.com/watch?v=T3DWWuZtqdY
halbschriftliches Multiplizieren mit dreistelligen Zahlen | einfach erklärt von Lehrerschmidt;https://www.youtube.com/watch?v=eG5otNdzf_M
Das Lernheft für die 4. Klasse ist fertig! Wir schauen gemeinsam rein!;https://www.youtube.com/watch?v=0Hh2O2yQrPI
lineare Funktion - Funktionsgleichung aus zwei Punkten bestimmen;https://www.youtube.com/watch?v=jf4DrqcXdKQ
halbschriftliches Dividieren | einfach erklärt von Lehrerschmidt;https://www.youtube.com/watch?v=ogcYBqRXo4c
How to draw and calculate the zero of a linear function | explained simply by teacher Schmidt;https://www.youtube.com/watch?v=UWp9DHI47xg
Inverse Operations and Commutative Properties - How to Make Fewer Calculation Errors | Lehrerschmidt;https://www.youtube.com/watch?v=BbTl2W_-y9o
Multiplication with the multiplication table | simply explained by teacher Schmidt;https://www.youtube.com/watch?v=B-WfGnQ6n5Y
Das Lernheft für die 3. Klasse ist fertig! Wir schauen gemeinsam rein! | Lehrerschmidt;https://www.youtube.com/watch?v=BHPaUlAUTfQ
Calculating minus towers - motivating exercises |  Lehrerschmidt;https://www.youtube.com/watch?v=HmGZJCKlhC8
Goldsmith Richard Duhn forges a gold ring with 💎 ! | Teacher Schmidt;https://www.youtube.com/watch?v=gZj4s8bCA3I
schriftliches Addieren mit Zehnerübergang | einfach erklärt von Lehrerschmidt;https://www.youtube.com/watch?v=8vNWOmLwihw
Subtrahieren mit Hilfsaufgabe - so machst du dir es einfacher! | Lehrerschmidt;https://www.youtube.com/watch?v=3Y5DZSyyNQ8
absolute Häufigkeit & relative Häufigkeit - einfach erklärt von Lehrerschmidt;https://www.youtube.com/watch?v=6_KvPHv3WYU
RC Crawler & Scaler on Tour - Trail Finder 2,  LC 70 and more...;https://www.youtube.com/watch?v=QBj6yKGsnWA
The seating chart dilemma: How to do it right?;https://www.youtube.com/watch?v=QhMkcL2-Eis
Klassendurchschnitt berechnen (Mittelwert) | einfach erklärt von Lehrerschmidt;https://www.youtube.com/watch?v=fWssHAjXMc0
Zeugnisdurchschnitt berechnen - So berechnet man den Durchschnitt eines Zeugnisses | Lehrerschmidt;https://www.youtube.com/watch?v=L7M9hWC0zdM
Notendurchschnitt einer Klassenarbeit berechnen - einfach erklärt von Lehrerschmidt;https://www.youtube.com/watch?v=0S9Wyz1MSAQ
Calculating the average - simply explained by teacher Schmidt;https://www.youtube.com/watch?v=o4sf1tnnfdM
10 Tipps für einen guten Start in das neue Schuljahr! | Lehrerschmidt;https://www.youtube.com/watch?v=-QgoaGSTs4E
verpflichtender Förderunterricht für schwächere Schülerinnen und Schüler? #Gassitogo;https://www.youtube.com/watch?v=jtVvmOu5LLE
Creating a Strip Diagram - Fixed Length | Explained Simply by Lehrerschmidt;https://www.youtube.com/watch?v=ewf7X44C1W8
Die Sache mit den schönen Schulen... #Gassitogo;https://www.youtube.com/watch?v=aXHVi5oJJ9Y
Creating a bar chart - explained simply by teacher Schmidt;https://www.youtube.com/watch?v=OKEL1dcCRVI
Streifendiagramm erstellen (ohne Längenvorgabe) - einfach erklärt von Lehrerschmidt;https://www.youtube.com/watch?v=hnqKleRE1kQ
Creating a bar chart - explained simply by teacher Schmidt;https://www.youtube.com/watch?v=yW2xP3_EGi4
Soll mein Kind das Schuljahr freiwillig wiederholen? #Gassitogo;https://www.youtube.com/watch?v=1Mg6RZmZUBk
Komm´ wir gehen Pause! 🤔  #Gassitogo;https://www.youtube.com/watch?v=PfszY326-nM
Prime factorization with a calculator (and without) - simply explained by Lehrerschmidt;https://www.youtube.com/watch?v=e9iR4lyPoGM
☀️Finally SUMMER HOLIDAYS! ☀️ 10 tasks just for you! 😱 #Gassitogo;https://www.youtube.com/watch?v=sxe4mvLjoAY
"On a treasure hunt with the ""Tin Pirates""...";https://www.youtube.com/watch?v=kgRTliBHx7s
Properties of geometric bodies - with test | simply explained by Lehrerschmidt;https://www.youtube.com/watch?v=gYqXN0JPp1w
Geometrische Körper -  eine Übersicht | einfach erklärt mit Lehrerschmidt;https://www.youtube.com/watch?v=OjL6ZEK7sC8
Runden mit dem Taschenrechner - so stellt man das ein!;https://www.youtube.com/watch?v=UV8U-cmH8w0
Kugel - Oberfläche berechnen (beide Formeln) | einfach erklärt von Lehrerschmidt;https://www.youtube.com/watch?v=vemxWcouXqo
Calculating the volume of a sphere | explained simply by teacher Schmidt;https://www.youtube.com/watch?v=Prk7ebg9rhw
Triangular prism (prism) - Calculating volume | Simply explained by teacher Schmidt;https://www.youtube.com/watch?v=WJ2tyI3xeps
Triangular pyramid - triangular pyramid - calculating volume | simply explained by teacher Schmidt;https://www.youtube.com/watch?v=VRhdEj3LATE
Learning videos are just a tool!;https://www.youtube.com/watch?v=ue08Y-2v3RY
Hackathon #wirfürschule - Ergebnisse und ein Ausblick! VLOG #5;https://www.youtube.com/watch?v=B0Uc7GgyZwk
"Hackathon #wirfürschule - Does a school need a ""MakerSpace""? VLOG #4";https://www.youtube.com/watch?v=6RT-CXbCTRA
Hackathon #wirfürschule - How can schools prepare us for our future? VLOG #3;https://www.youtube.com/watch?v=TEA-l5UO38Q
Hackathon #wirfürschule - Embedding participation in schools! VLOG #2;https://www.youtube.com/watch?v=S0CJKxd4XkU
Kegel - Radius aus dem Volumen berechnen (Formel umstellen) | Lehrerschmidt;https://www.youtube.com/watch?v=7Paj_p32gts
Hackathon #wirfürschule - Let's bring the future into schools! VLOG #1;https://www.youtube.com/watch?v=599DTKAPd7w
Pyramid - Calculate volume |  simply explained by Lehrerschmidt;https://www.youtube.com/watch?v=cXemQzdsQ6Q
Kegel - Seitenhöhe des Mantels (hs) berechnen | einfach erklärt von Lehrerschmidt;https://www.youtube.com/watch?v=EnYG0PXbLN4
Cylinder - Calculate volume from surface area (rearrange formula) |  Lehrerschmidt;https://www.youtube.com/watch?v=BXrsIKJWMXY
Cone - Calculate the height of the body from its volume - (rearrange the formula) |  Lehrerschmidt;https://www.youtube.com/watch?v=L8XNBmjdZeY
Cylinder - Calculate radius from surface area (rearrange formula) |  Lehrerschmidt;https://www.youtube.com/watch?v=CacgpMapSK4
The Ultimatum Game: You have to make a decision!;https://www.youtube.com/watch?v=bqdkTmaRz2o
1.000.000 Abonnenten-Special - Gemeinsam haben wir es geschafft! #Danke!;https://www.youtube.com/watch?v=mNHJGjMN5jM
10...9...8...7...6...5...4...3...2...1..;https://www.youtube.com/watch?v=NBYN9zmSxGQ
999.4K Special: Am I nervous? .... maybe :-);https://www.youtube.com/watch?v=9uM4R_QG_mE
Cylinder - Calculate radius from volume (replace formula with r) |  Lehrerschmidt;https://www.youtube.com/watch?v=w3umGES7Ovw
Cylinder - Calculate the height of the body from the volume (rearrange the formula) | Lehrerschmidt;https://www.youtube.com/watch?v=B_j1mRU8Bac
Cone - calculate surface area | simply explained by Lehrerschmidt;https://www.youtube.com/watch?v=OGbBx5mPju8
Triangular prism - calculate surface area | simply explained by Lehrerschmidt;https://www.youtube.com/watch?v=WZi75oUmXvk
Cone - Calculate volume | simply explained by Lehrerschmidt;https://www.youtube.com/watch?v=B_W2ZG0jUF4
Triangular prism - calculate volume | Lehrerschmidt;https://www.youtube.com/watch?v=jwTNE9Cplkg
Cylinder - Calculate surface area - simply explained |  Lehrerschmidt;https://www.youtube.com/watch?v=O-VmGO6I61w
Cylinder - Calculating Volume - Simply Explained |  Lehrerschmidt;https://www.youtube.com/watch?v=KP9eVa98X8g
Cuboid - Calculate surface area |  Lehrerschmidt;https://www.youtube.com/watch?v=bG8Ylvlpfh0
Quader - Volumen berechnen | Lehrerschmidt;https://www.youtube.com/watch?v=yCORC007Ytc
Soll mein Kind das Schuljahr freiwillig wiederholen? #Gassitogo;https://www.youtube.com/watch?v=3U5bLBXuSio
Quader - Körpernetz erstellen | Lehrerschmidt;https://www.youtube.com/watch?v=5oIGcsi-wIE
Surface, solid, and net - mathematical terms |  Lehrerschmidt;https://www.youtube.com/watch?v=y1B1KugPSyI
Cube - Calculate Volume |  Lehrerschmidt;https://www.youtube.com/watch?v=wfwd0eDwnRA
Cube - Calculate surface area |  Lehrerschmidt;https://www.youtube.com/watch?v=xUECrph0HGA
Cuboid - create an oblique view - here's how! Lehrerschmidt;https://www.youtube.com/watch?v=G-NbCY8YfWQ
Cube - Create an oblique image | Geometry - Lehrerschmidt;https://www.youtube.com/watch?v=Wy4EzkSZ--0
Cube - create an oblique image - simplified version |  Lehrerschmidt;https://www.youtube.com/watch?v=a1oASEzImlQ
Cube - Create a solid net | with a mental task | Lehrerschmidt;https://www.youtube.com/watch?v=_8qTI8Mi9_8
Calculating composite areas - Example 3 - Area given |  Lehrerschmidt;https://www.youtube.com/watch?v=ZWj9bw8mf6o
Calculating composite areas - Example 2 - simply explained |  Lehrerschmidt;https://www.youtube.com/watch?v=6kuGKkg0Tww
Calculating composite areas - The basic principle |  Lehrerschmidt;https://www.youtube.com/watch?v=LPgGIxFhSKk
Calculating composite areas - Example 1 - simply explained |  Lehrerschmidt;https://www.youtube.com/watch?v=_l6Z69L6sM8
Circular section - Calculate angle - Rearrange formula |  Lehrerschmidt;https://www.youtube.com/watch?v=gfRA0lkTReQ
Kreisausschnitt- Radius berechnen - Formel umstellen | Lehrerschmidt;https://www.youtube.com/watch?v=CulPgXkVk34
Constructing parallel lines with a compass – here's how! |  Lehrerschmidt;https://www.youtube.com/watch?v=W-WIqPJPjU0
2. Theorem of Rays - explained slowly and in detail with many examples | Lehrerschmidt;https://www.youtube.com/watch?v=_vjZnOMAU7E
Circle - Calculate radius from circumference - Rearrange formula | with Lehrerschmidt;https://www.youtube.com/watch?v=T92N7udrR18
Trapezoid - Calculate perimeter - it's that easy! Lehrerschmidt;https://www.youtube.com/watch?v=ODX1gPPpC54
1. Theorem of Radiation - explained in detail with many examples |  Lehrerschmidt;https://www.youtube.com/watch?v=KNTb0Rimbiw
Trapezoid - label correctly - vertices, sides, angles, height, center line;https://www.youtube.com/watch?v=pOIm7lJUA_M
Kulturwandel Digitales Lernen mit der Bundeskanzlerin Frau Merkel - eine Kurzfassung von mir!;https://www.youtube.com/watch?v=gFozrza_dRQ
Trapezoid - Calculating the area (both methods) - simply explained by teacher Schmidt;https://www.youtube.com/watch?v=njPE2w-T_SM
Quadrat - Flächeninhalt berechnen - einfach erklärt von Lehrerschmidt;https://www.youtube.com/watch?v=DYa-KjzzqaA
Calculating a circular ring – simply explained by Lehrerschmidt;https://www.youtube.com/watch?v=Foio7fElCOE
Circle - Calculate arc length | Calculate arc | Simply explained by Lehrerschmidt;https://www.youtube.com/watch?v=Ms6WyK4ODvA
Calculating a sector - simply explained by Lehrerschmidt;https://www.youtube.com/watch?v=qyAKxCAKNxo
Call from the Federal Chancellery... I received an invitation!;https://www.youtube.com/watch?v=REbiejq8svY
Square - Calculate area and perimeter - quickly explained by Lehrerschmidt;https://www.youtube.com/watch?v=XjAU_PGOa8w
Square - Calculate diagonal;https://www.youtube.com/watch?v=3Hb1RXRlPCI
900K SPECIAL:  Roomtour, Kochen, Grillen, Gaming... und WER hier die Hosen anhat! #DANKE! :-);https://www.youtube.com/watch?v=zP3H9J1Kz0Q
Coordinate system - positive and negative range - reading and entering points - simply explained;https://www.youtube.com/watch?v=C527fvsKI9I
Coordinate system - positive area - reading and plotting points | simply explained;https://www.youtube.com/watch?v=mXyUnDzrA-0
Our schools need to fundamentally evolve... NOW!;https://www.youtube.com/watch?v=FILL4dNzLT8
Constructing angles with a compass - 90 degrees and 45 degrees - that's how it's done!;https://www.youtube.com/watch?v=Rm-PnTiCqhA
Einen RECHTEN WINKEL mit dem ZIRKEL konstruieren ... so geht das!;https://www.youtube.com/watch?v=uO7NKY7K-MQ
Final exam for secondary school, 10th grade | We'll look at my workbook together!;https://www.youtube.com/watch?v=WlqieFB3SKo
Final exam in mathematics 2021 - secondary school grade 10 - procedure and topics!;https://www.youtube.com/watch?v=EojkUsY-2U4
Final Examination Mathematics 2021 Secondary School Grade 10 - Procedure and Topics;https://www.youtube.com/watch?v=q4_ky96ZV8I
Final exam in mathematics 2021 - secondary school grade 9 - procedure and topics!;https://www.youtube.com/watch?v=eKOFpvqShGg
Adding fractions - different denominators - explained slowly and in detail |  Lehrerschmidt;https://www.youtube.com/watch?v=ZJapyjjAW8Q
Multiplying fractions - with prior simplification - faster and easier!;https://www.youtube.com/watch?v=MGuKQU6kSwI
Brüche multiplizieren - Grundlagen ganz einfach erklärt | Lehrerschmidt;https://www.youtube.com/watch?v=T4qe84fHbX0
Subtracting fractions - with the same denominator |  explained slowly and in detail |  Lehrerschmidt;https://www.youtube.com/watch?v=NSRzaIb5NCE
SPECIAL: Off into space! We're flying into the stratosphere in a weather balloon!;https://www.youtube.com/watch?v=VV6GhnDaCrY
Adding fractions - with the same denominator | explained slowly and in detail | Lehrerschmidt;https://www.youtube.com/watch?v=1CixUUzrk4Q
Subtracting fractions - explained slowly and in detail | Fractions | Lehrerschmidt;https://www.youtube.com/watch?v=1Q8lMtJt5EA
RE-RE-Action Lehrerschmidt REACTS to @Palle reacts or: simply have a nice holiday!;https://www.youtube.com/watch?v=C0PMgojdn3A
Written multiplication with a gap - this is how it's done! | Lehrerschmidt;https://www.youtube.com/watch?v=mnGLW3Q2NMg
Written multiplication with error detection - Is the problem calculated correctly? |  Lehrerschmidt;https://www.youtube.com/watch?v=wBQb45w8ZBQ
Preiskalkulation - Bezugspreis, Kosten, Gewinn, Netto- und Bruttoverkaufspreis | Lehrerschmidt;https://www.youtube.com/watch?v=NnmxICJfAqc
The sweatpants thing – comfortable or a no-go? #Gassitogo;https://www.youtube.com/watch?v=8Da3U4dzBj8
Calculating cash discounts – explained quickly and easily! |  Lehrerschmidt;https://www.youtube.com/watch?v=NkppewAxVX8
Zinseszinsformel - einfach erklärt! | Zinsrechnung | Lehrerschmidt;https://www.youtube.com/watch?v=NIdWRErSsso
Interest calculation over several years – Compound interest – the long way |  Lehrerschmidt;https://www.youtube.com/watch?v=jpHznfL_TeE
Interest calculation - Calculating the interest rate | Rearranging the formula - six exercises | ...;https://www.youtube.com/watch?v=o2EJtsCMjlc
Premium and discount - premium and discount | Interest calculation - simply explained | Lehrersch...;https://www.youtube.com/watch?v=5baAgXbHzN8
Interest calculation - calculate the period |  Rearrange the formula - many exercises |  Lehrersc...;https://www.youtube.com/watch?v=LOe2qAPDNa8
Interest calculation - calculating capital | Changing the formula - many exercises | Lehrerschmidt;https://www.youtube.com/watch?v=MLnh3jhCSpc
Calculating interest - interest months specified - six exercises with solutions | Interest calcul...;https://www.youtube.com/watch?v=7vC89gG06Zg
My new workbook is here: Secondary School Leaving Certificate - Math 9th Grade |  Lehrerschmidt;https://www.youtube.com/watch?v=KMqUQYCdhno
Zinsen berechnen - Zinstage angegeben - sechs Übungen mit Lösungen | Zinsrechnung - Lehrerschmidt;https://www.youtube.com/watch?v=knuYC5N4Tq4
Interest Calculation - Simply Explained - An Introduction to the KIP Formula | Lehrerschmidt;https://www.youtube.com/watch?v=t15aGEtSeF8
Calculating per mille (with factor) - simply explained - several exercises | Lehrerschmidt;https://www.youtube.com/watch?v=vJxYVn3Dn5k
Promille berechnen (mit Formel) - einfach erklärt - mehrere Übungen | Lehrerschmidt;https://www.youtube.com/watch?v=mlD3Vd9v_VA
Quick mental percentage calculations (with explanation) |  Lehrerschmidt;https://www.youtube.com/watch?v=sbrInrBWdo4
Price increase, calculating surcharge | Percentage calculation - simply explained | Lehrerschmidt;https://www.youtube.com/watch?v=hyKgJKGCjHc
Calculating discounts, rebates, and price reductions | Percentage calculations – simply explained...;https://www.youtube.com/watch?v=7qPr-ik4wp8
Wie holen wir die Defizite wieder auf? Samstags zur Schule? Wiederholen? Mehr Stunden? #Gassitogo;https://www.youtube.com/watch?v=ZPX_wEvPLxY
Percentage factor - quick percentage calculations | simply explained | Lehrerschmidt;https://www.youtube.com/watch?v=NFeiNmg3J98
Calculating percentages - difficult exercises | Percentage calculation | Lehrerschmidt;https://www.youtube.com/watch?v=ItpSbuoUeS4
Calculating percentages - simple exercises | Percentage calculation | Lehrerschmidt;https://www.youtube.com/watch?v=bzVr2O8Iaw0
Grundwert berechnen - schwierige Übungen | Prozentrechnung | Lehrerschmidt;https://www.youtube.com/watch?v=xVtp8ZmR9Xk
Homeschooling - How can I motivate my child after weeks? #Gassitogo;https://www.youtube.com/watch?v=Knoi5AK94EE
Calculating base value - simple exercises | Percentage calculation - Lehrerschmidt;https://www.youtube.com/watch?v=T3pw6lgtI7Y
Calculate percentages - Solve word problems | Percentage calculation | Lehrerschmidt;https://www.youtube.com/watch?v=WZuEUyGgkBc
Calculating percentages - difficult exercises | Percentage calculation | Lehrerschmidt;https://www.youtube.com/watch?v=AhSS0pF4sX8
Calculating percentages - simple exercises | Percentage calculation | Lehrerschmidt;https://www.youtube.com/watch?v=cMvTcS3vCOA
Percentage Calculations - The Formula Triangle: How to Remember Formulas Better! | Lehrerschmidt;https://www.youtube.com/watch?v=amSw62SFKDI
DLRG Ice Rescue - How to rescue people who have fallen through the ice! | Lehrerschmidt;https://www.youtube.com/watch?v=NkRuAdMyh3U
800K - FAQ - Special ... your questions & my answers;https://www.youtube.com/watch?v=rbLX87DCnJc
It's that time again.... #Community;https://www.youtube.com/watch?v=hC-0Devl6V8
Proper fraction, improper fraction, mixed number - a very detailed explanation |  Lehrerschmidt;https://www.youtube.com/watch?v=ly-BeWi5Hp4
Written division with remainder and trial - simply explained with many exercises |  Lehrerschmidt;https://www.youtube.com/watch?v=wxW6p_MzCwM
3. Binomial formula - simply explained with exercises |  Lehrerschmidt;https://www.youtube.com/watch?v=Nkhd670URpo
2. Binomial formula - simply explained with exercises |  Lehrerschmidt;https://www.youtube.com/watch?v=893B6WSN9bw
Adding fractions – a detailed explanation – step by step |  Lehrerschmidt;https://www.youtube.com/watch?v=qH8gLQuOG_k
Substitution methods - difficult exercises | linear systems of equations | Lehrerschmidt;https://www.youtube.com/watch?v=ak88eM7P-Ws
Substitution method - medium difficulty - Linear systems of equations | Lehrerschmidt;https://www.youtube.com/watch?v=OA0TI5qo0FA
Only for NERDS: Mental arithmetic with the binomial formulas! |  Lehrerschmidt;https://www.youtube.com/watch?v=LoTVgi5tYsQ
1. Binomial formula with exercises - simply explained |  Lehrerschmidt;https://www.youtube.com/watch?v=jiIii_3DwUw
1. Binomial formula - graphically and mathematically - explained very simply |  Lehrerschmidt;https://www.youtube.com/watch?v=Q0KXX4MkFVE
You are not your report card! Things that really should be on your report card! | Lehrerschmidt;https://www.youtube.com/watch?v=ekCusTzWUgY
Substitution method - simple exercises |  Linear systems of equations |  Lehrerschmidt;https://www.youtube.com/watch?v=ltmhpZcOkR8
Addition methods - difficult exercises | linear systems of equations | Lehrerschmidt;https://www.youtube.com/watch?v=4-bvq6GHStc
Addition Methods - Medium-Difficulty Exercises - Linear Systems of Equations | Lehrerschmidt;https://www.youtube.com/watch?v=fV86jTuLGng
Thank you, I'm sorry and thank you... a #Gassitogo with sunshine!;https://www.youtube.com/watch?v=o6WVTelGMH8
Addition methods - linear systems of equations - simple exercises | Lehrerschmidt;https://www.youtube.com/watch?v=SAX2Wi2h0Tk
Dear parents... stay strong! 5 tips for homeschooling! | Lehrerschmidt;https://www.youtube.com/watch?v=EJYN-XjpM6k
Equating Methods - Difficult Exercises - Linear Systems of Equations (LGS) | Lehrerschmidt ALT;https://www.youtube.com/watch?v=J8RlsNcFbHM
Circle - Calculate radius from circumference - Rearrange formula | Lehrerschmidt;https://www.youtube.com/watch?v=o2owuCt-LeU
Equating Methods - Exercises of Medium Difficulty - Linear Systems of Equations |Lehrerschmidt;https://www.youtube.com/watch?v=NvdwFqMb3DQ
Equating methods - simple exercises - linear systems of equations | Lehrerschmidt;https://www.youtube.com/watch?v=NGYWbHhTdE8
Homeschooling for a week: How are things going for you? | Lehrerschmidt;https://www.youtube.com/watch?v=uWgNA08NB1Q
Circle - Calculate radius from area - Rearrange formula |  Lehrerschmidt;https://www.youtube.com/watch?v=xJqk8U3rlB0
Linear Functions - Is there an intersection point? Solving graphically | Lehrerschmidt;https://www.youtube.com/watch?v=HFMpd5EjahE
Update: Workbooks 5 & 6 almost sold out! Grades 7 & 8 available starting Friday!;https://www.youtube.com/watch?v=z87GZKR3cDg
Constructing a square with a compass - here's how! |  Lehrerschmidt;https://www.youtube.com/watch?v=fBs_xW8nsdE
Circle - Calculate area (both formulas) - simply explained | Lehrerschmidt;https://www.youtube.com/watch?v=2WrXKwlg2D4
Here we go - the workbooks for grades 5 and 6 are ready!;https://www.youtube.com/watch?v=5akeDdFJx00
Circle - Calculate circumference - simply explained | Lehrerschmidt;https://www.youtube.com/watch?v=mjLRBsUa0mI
Counting to 10 with your fingers... in Chinese!;https://www.youtube.com/watch?v=7zK5JRh897k
Homeschooling - we need to involve everyone! Problems, ideas, and solutions!;https://www.youtube.com/watch?v=LDHJVpVH5g0
Circle - Drawing a circle with a compass |  Lehrerschmidt;https://www.youtube.com/watch?v=qcaj6sxGD78
Circle - Basics & Terms - Radius, Diameter, Circular Area, Circular Line | Lehrerschmidt;https://www.youtube.com/watch?v=9m4k4O2Vi2Y
Homeschooling... here we go again! We can do this together!;https://www.youtube.com/watch?v=Z8Ps7eU3HaM
Calculating the diagonal of a cuboid - Pythagoras' theorem |  Lehrerschmidt;https://www.youtube.com/watch?v=JMIXADRfLEE
Calculating the space diagonal in a cube - Pythagoras' theorem |  Lehrerschmidt;https://www.youtube.com/watch?v=nZJN1o6ORHU
TOP 10: These were the best videos of 2020! *Year in Review*;https://www.youtube.com/watch?v=na6O2XXoaao
The hair growth product thing... behind the scenes!;https://www.youtube.com/watch?v=cwKvyKFMicc
Announcement & Unboxing: It's starting soon!;https://www.youtube.com/watch?v=Y-z_2W_DuKM
10 gute Vorsätze und 10 bessere Vorsätze für das neue Jahr!;https://www.youtube.com/watch?v=XPmWXDt8BL4
Special: Christmas with food, action, nerd knowledge and a secret!;https://www.youtube.com/watch?v=p4uxKnR4JcU
Ich wünsche Euch schöne Ferien!;https://www.youtube.com/watch?v=a-UL0BSPAhI
Diagonale im Rechteck berechnen - Satz des Pythagoras | Lehrerschmidt;https://www.youtube.com/watch?v=PY1MsZGxzNA
Calculating the diagonal squared - Pythagoras' theorem | Lehrerschmidt;https://www.youtube.com/watch?v=0-v0UcnA29o
Pythagorean Theorem - Is the triangle right-angled? | Lehrerschmidt;https://www.youtube.com/watch?v=ThlIIimCuPQ
Pythagorean theorem - calculating the cathetus - simply explained | Lehrerschmidt;https://www.youtube.com/watch?v=66LCWQlzM_g
Pythagorean theorem - input into the calculator - simply explained | Lehrerschmidt;https://www.youtube.com/watch?v=K82U-xVxGQU
#Lockdown 2: Now we will see if the schools are better prepared!;https://www.youtube.com/watch?v=_nGGw9E5cTg
Are we better prepared this time? Is voluntary homeschooling an option?;https://www.youtube.com/watch?v=32TyaC_zI70
Extracting roots by factorization | simply explained - Lehrerschmidt;https://www.youtube.com/watch?v=D8frFuEZTfI
Pythagorean theorem - triangle within a triangle - a typical application |  Lehrerschmidt;https://www.youtube.com/watch?v=FaQdxX2Z82A
Pythagorean theorem - calculating the hypotenuse - simply explained |  Lehrerschmidt;https://www.youtube.com/watch?v=2SmXe2BkCgU
Pythagorean theorem - a simple introduction |  Lehrerschmidt;https://www.youtube.com/watch?v=akgYT4Ol3CE
Pythagorean Theorem - Labeling the Triangle Correctly |  Lehrerschmidt;https://www.youtube.com/watch?v=KKRIIWx6vFg
700K Special - A look back and a look into the future!;https://www.youtube.com/watch?v=14w5_sUhgxE
10 reasons why I do NOT explain better than your teacher;https://www.youtube.com/watch?v=FSu1WBvUdcE
The three arithmetic laws: commutative law, associative law, distributive law - simply explained;https://www.youtube.com/watch?v=vw2sPQEP0K8
Calculating with parentheses and signs – Basics of mathematics – simply explained |  Lehrerschmidt;https://www.youtube.com/watch?v=yZGfccNtwbI
Powers and roots: special exponents – simply explained | Lehrerschmidt;https://www.youtube.com/watch?v=ABifww27SHk
Interval nesting - Extracting roots - Calculating roots |  Lehrerschmidt;https://www.youtube.com/watch?v=a8u91UQlPhQ
Roots with Decimals - Root Calculus - Simply Explained |  Lehrerschmidt;https://www.youtube.com/watch?v=3Z12zBFJnek
Factoring roots - Root calculation |  Lehrerschmidt;https://www.youtube.com/watch?v=JcqhQqejn5Y
Roots with fractions - Root calculations - simply explained | Lehrerschmidt;https://www.youtube.com/watch?v=UCopFWRjrbE
One day of home office per week starting in grades 8 or 9...? #Discussion;https://www.youtube.com/watch?v=kvrl1RfYlCo
Subtracting roots - Root calculation | Lehrerschmidt;https://www.youtube.com/watch?v=cOu6hIZ1tPw
Adding roots - Root calculation |  Lehrerschmidt;https://www.youtube.com/watch?v=xa5vrWBjafg
Wurzeln dividieren - Wurzelrechnung | Lehrerschmidt;https://www.youtube.com/watch?v=eHKDDxCcf_E
Multiplying roots - Root calculation |  Lehrerschmidt;https://www.youtube.com/watch?v=dNp3ls4cETM
Proportionality factor - assignments explained simply |  Lehrerschmidt;https://www.youtube.com/watch?v=oMHVOFdTFbA
A little riddle - test yourself!;https://www.youtube.com/watch?v=z6oa-RTyVJ4
Taking square roots | Taking square roots - explained very simply |  Lehrerschmidt;https://www.youtube.com/watch?v=MkcArrEhUQI
Dividing powers – explained simply | Lehrerschmidt;https://www.youtube.com/watch?v=Mo1EDJ3oAX4
Teaching in subgroups: Scenario B+ | A proposal for an update #Gassitogo;https://www.youtube.com/watch?v=RyBW_vn9GIU
Going on vacation two days early? Does that make sense? #Gassitogo in the rain |  Lehrerschmidt;https://www.youtube.com/watch?v=bYQtIxHWrgI
Multiplying powers – explained simply |  Lehrerschmidt;https://www.youtube.com/watch?v=K9GV9OLIaX0
Subtracting powers - explained simply | Lehrerschmidt;https://www.youtube.com/watch?v=i7jg08lQ-RA
Adding powers - explained simply |  Lehrerschmidt;https://www.youtube.com/watch?v=5WQ3kTM8uLE
I am looking for a publisher: Workbooks with QR codes from Lehrerschmidt;https://www.youtube.com/watch?v=Hk8-8YjeUxc
Make a decision... in four steps!;https://www.youtube.com/watch?v=5a8kaynpw-4
Decimal notation vs. exponential notation (exponential notation) |  Lehrerschmidt;https://www.youtube.com/watch?v=I-Lepkr7BzQ
Powers of ten – very large and very small numbers – simply explained | Lehrerschmidt;https://www.youtube.com/watch?v=Dl69L3nDjyg
Thank you for your support at the 2020 Golden Hen! Congratulations to @Varion!;https://www.youtube.com/watch?v=JJMxRRWmERk
Square numbers - Exercise for speaking and memorizing |  Lehrerschmidt;https://www.youtube.com/watch?v=R3lzQGRx8xE
Square numbers up to 20 must be memorized! (with learning aid) |  Lehrerschmidt;https://www.youtube.com/watch?v=Y_4w5HzU_ss
Written root extraction without a calculator | Lehrerschmidt;https://www.youtube.com/watch?v=Y0PftZA8j6g
Exponentiation and Root Extraction - Basics - Simply Explained | Lehrerschmidt;https://www.youtube.com/watch?v=nHZx_9SgLEY
Daylight Saving Time: Forward or Backward? Here's how to remember!;https://www.youtube.com/watch?v=g_8U21k0zVk
Lehrerschmidt - nominated for the Goldene Henne 2020 - Category #onlinestars;https://www.youtube.com/watch?v=qUkp6VPqNrI
Installment savings - a special case of interest calculation | Lehrerschmidt;https://www.youtube.com/watch?v=h8JUVJGpd3Y
LED - Basics - Calculating circuits and resistors | Lehrerschmidt;https://www.youtube.com/watch?v=BsmUaV7Sjto
Dreieck - Flächeninhalt berechnen - einfach und langsam erklärt | Lehrerschmidt;https://www.youtube.com/watch?v=KkAS3yWQAGk
"""Lost"" is too ""wyld"" and ""cringe"" anyway! Youth Word of the Year 2020 | Lehrerschmidt";https://www.youtube.com/watch?v=R79_f7Ck6vg
Hat, jacket, scarf in class and long winter holidays....;https://www.youtube.com/watch?v=7Zw8ueyv1mc
Schools operating in shifts? Is that a good idea?;https://www.youtube.com/watch?v=Vjb2uxa6vNY
The thing about the Nobel Prize... you didn't know that! | NERD KNOWLEDGE;https://www.youtube.com/watch?v=Mf4Mvb6FsT0
Linear function - gradient - simply explained |  Lehrerschmidt;https://www.youtube.com/watch?v=fGi3XPMnSVA
Plotting a linear function - How it works with the slope triangle | Lehrerschmidt;https://www.youtube.com/watch?v=tBhQwSmrAZc
Reading a linear function - lots of examples | Lehrerschmidt;https://www.youtube.com/watch?v=GhhSqXn3cqw
lineare Funktion - aus zwei Punkten berechnen (und zeichnen) | Lehrerschmidt;https://www.youtube.com/watch?v=w4l1uk5qVGE
Linear function - determining and calculating zeros | Lehrerschmidt;https://www.youtube.com/watch?v=DAJ1i9oD1VE
Linear function - Does the point lie on the line? | Lehrerschmidt;https://www.youtube.com/watch?v=aadTRN1b0KE
Final storage for nuclear waste - Is it a question of money? #Discussion;https://www.youtube.com/watch?v=ghHCdV6sULw
600,000 Special .... The incredible journey with numbers... Thanks for that! | Lehrerschmidt;https://www.youtube.com/watch?v=2f0lsB4S4I0
Linear function - create a table of values ​​- read and calculate | Lehrerschmidt;https://www.youtube.com/watch?v=RVtFLnFuXI8
Slope triangle for a linear function |  Lehrerschmidt;https://www.youtube.com/watch?v=fN52WXY_72g
Multiplying multiple fractions - explained very simply |  Lehrerschmidt;https://www.youtube.com/watch?v=jWarepOivmo
Social networks: the deal and the problem...;https://www.youtube.com/watch?v=lf0hbExYcIk
Zufall oder Schicksal? Das ist hier die Frage....;https://www.youtube.com/watch?v=f3EReWYGEtk
Coordinate system - drawing a point - explained very simply | Lehrerschmidt;https://www.youtube.com/watch?v=or1XaVqYL_4
Making the world a little bit better...;https://www.youtube.com/watch?v=mtPvfDtWucE
Terms - What are they? The basics! | Lehrerschmidt;https://www.youtube.com/watch?v=HIfIpLay8BM
10 Tips - How to Study for Your Next Test! | Lehrerschmidt;https://www.youtube.com/watch?v=B2l_ovIqn1s
Non-decimal mass units - ounce, pound ... | Lehrerschmidt;https://www.youtube.com/watch?v=eS_wf-CXThs
Dividing numbers less than one 0.025:5= |  Lehrerschmidt;https://www.youtube.com/watch?v=XL1yEVPcRXE
3 tips for less worry at school! | Lehrerschmidt;https://www.youtube.com/watch?v=Tu19vcs1OE0
"Nominated for the ""GOLDEN CAMERA"" 2020 - Best of Education & Coaching";https://www.youtube.com/watch?v=dTzRidJGIho
Non-decimal volume measurements | Register ton, barrel, gallon | Lehrerschmidt;https://www.youtube.com/watch?v=Tooygl8Lzhk
A tunnel through the Earth's core... I have two questions... | Lehrerschmidt;https://www.youtube.com/watch?v=LRhXc97Rhzo
Non-decimal units of length – inch, foot, yard, nautical mile, and mile |  Lehrerschmidt;https://www.youtube.com/watch?v=yzRAdg7hxV0
10 tips for good grades in school | Lehrerschmidt;https://www.youtube.com/watch?v=6U8sH8OXB1o
6 things that will help you advance in life and school!;https://www.youtube.com/watch?v=5gw6ya4-YNw
Digital Pact for Schools: Minimum standards, hardware, software, maintenance, training, and motiv...;https://www.youtube.com/watch?v=Fo0CvGjNFSI
Free data contracts for students - great approach!;https://www.youtube.com/watch?v=DidTv8zvOD8
It’s starting again....(finally!!) | Lehrerschmidt;https://www.youtube.com/watch?v=uZ4DVRyCfPU
Roman numerals – simply explained | Lehrerschmidt;https://www.youtube.com/watch?v=4Yoku3fJT2k
10€-Datenvertrag für Schüler*innen mit Einschränkungen... das funktioniert nicht!;https://www.youtube.com/watch?v=KtS03n3i4ok
Internet for students & digital devices and software for teachers;https://www.youtube.com/watch?v=IuMmPgTLkDA
km, m, dm, cm, mm - Convert units of measurement - Length measurements | Lehrerschmidt;https://www.youtube.com/watch?v=ootsptIrfSo
Something to think about...;https://www.youtube.com/watch?v=Rl82C95ULL8
Creating work materials with QR codes – a good idea!;https://www.youtube.com/watch?v=43gP-AO-UzY
Laws of arithmetic: commutative law, associative law, distributive law | Lehrerschmidt;https://www.youtube.com/watch?v=di-m5cK5WQ4
Adding multiple fractions - explained very simply |  Lehrerschmidt;https://www.youtube.com/watch?v=xLYnWaNNHOc
Distributive law - arithmetic law | Lehrerschmidt;https://www.youtube.com/watch?v=_6A1NroeIM0
School in shifts - alternating mornings and afternoons?;https://www.youtube.com/watch?v=uMoVKGttlI4
3D printing as a new topic on the channel?;https://www.youtube.com/watch?v=dBE8cUMATL8
Associative law - arithmetic laws | Lehrerschmidt;https://www.youtube.com/watch?v=rP8MAN2IlBM
Commutative law - Arithmetic laws | Lehrerschmidt;https://www.youtube.com/watch?v=xbZ7ZiFhMNw
Compulsory military service for all! One year for our society... #Gassitogo;https://www.youtube.com/watch?v=uFlqa81Vet4
4-day workweek: Is it a good idea? #Gassitogo;https://www.youtube.com/watch?v=hvy0iyREJD4
Digital Detox  - Ich bin dann mal offline! (mit Challenge!);https://www.youtube.com/watch?v=VfDU6rF0bYA
My preparations for the new school year 2020/2021;https://www.youtube.com/watch?v=UgjSqIVxVOE
Dividing rational numbers - explained simply | Lehrerschmidt;https://www.youtube.com/watch?v=9t6niouU4BQ
Happy holidays! Take a break! And remember your lunchbox :-);https://www.youtube.com/watch?v=tGicr45umZ8
Multiplying rational numbers - explained very simply | Lehrerschmidt;https://www.youtube.com/watch?v=bCffZc1w8kM
Rationale Zahlen subtrahieren - ganz einfach erklärt | Lehrerschmidt;https://www.youtube.com/watch?v=6OAbTKruL84
Turn off the internet two days a week...?;https://www.youtube.com/watch?v=Lwmd8mbWwWs
Rationale Zahlen addieren - ganz einfach erklärt | Lehrerschmidt;https://www.youtube.com/watch?v=8e4tovD_Hb0
Rational Number - What is it? | Lehrerschmidt;https://www.youtube.com/watch?v=Jpm5cNIIZLA
#SummerSchool - now it's getting concrete! Are you in?;https://www.youtube.com/watch?v=0t1T-LX24Uo
Adding rational numbers - a very simple introduction | Lehrerschmidt;https://www.youtube.com/watch?v=1TUvO_RNDWY
Easily calculate the VAT reduction from 19% to 16% | Lehrerschmidt;https://www.youtube.com/watch?v=7JoXxZ_WTPs
We need to talk! ... the thing with the *;https://www.youtube.com/watch?v=nwJBSMWCulM
Digitale Endgeräte für Lehrer*innen - super Idee aus NRW, aber...;https://www.youtube.com/watch?v=x-MFygd0poY
über Gerechtigkeit, Schule, digitale Bildung und echte Probleme....;https://www.youtube.com/watch?v=eV9SOAbcMbc
2. Theorem of Radiation - simply explained | Lehrerschmidt;https://www.youtube.com/watch?v=0iK5c0PW3zQ
1. Crossed Ray Theorem |  Lehrerschmidt;https://www.youtube.com/watch?v=o5t6mkQt_vI
Natural and negative numbers - simply explained |  Lehrerschmidt;https://www.youtube.com/watch?v=44ANi3KvL7I
#LearningSummer - an idea from the North!;https://www.youtube.com/watch?v=Ve-3Qh4KXYo
1. Theorem of Radiation - that's how it works! | Lehrerschmidt;https://www.youtube.com/watch?v=gV5XKvCoo1U
Is it true? Is it important? Is it good for me? #Socrates;https://www.youtube.com/watch?v=yOC9_r1XAyY
1. Theorem of Radiation - detailed explanation | Lehrerschmidt;https://www.youtube.com/watch?v=eM_18AahHpo
What do we take with us? What remains? What changes? #School;https://www.youtube.com/watch?v=Jo4hJ0TdY8E
Vierecke - eine Übersicht mit kurzer Erklärung | Lehrerschmidt;https://www.youtube.com/watch?v=qpHap8ZJSK0
Drawing an oblique image - Example: Cube | Lehrerschmidt;https://www.youtube.com/watch?v=DzjajAAab9Y
Truncated pyramid - calculate volume with formula | Lehrerschmidt;https://www.youtube.com/watch?v=kFj-9bDmqrE
Pyramidenstumpf - Volumen berechnen (ohne Formel);https://www.youtube.com/watch?v=U79x42snt74
Kite (Deltoid) - Calculate circumference | Lehrerschmidt;https://www.youtube.com/watch?v=sM_4m_SqRxk
Kite - Calculate area | Lehrerschmidt;https://www.youtube.com/watch?v=sew8CexD7ic
Oral exam - a little tip from me! | Lehrerschmidt;https://www.youtube.com/watch?v=9xPYxYfnyaA
Drachen (Deltoid) Beschriftung, Eigenschaften und Formeln | Lehrerschmidt;https://www.youtube.com/watch?v=8Nl30TiKPlU
Rectangle - Calculate area | Lehrerschmidt;https://www.youtube.com/watch?v=F9OEh_AGzN8
500K SPECIAL - the whole truth... | Lehrerschmidt;https://www.youtube.com/watch?v=AYUVz5V3bA0
Parallelogram - Calculate perimeter | Lehrerschmidt;https://www.youtube.com/watch?v=SgJE3N45MRs
Trapezoid - Calculate perimeter | Lehrerschmidt;https://www.youtube.com/watch?v=dv9dtx4T5Zg
There is one thing you can't buy...;https://www.youtube.com/watch?v=SolKg455mkY
Trapezoid - Labeling & Properties and Formulas | Lehrerschmidt;https://www.youtube.com/watch?v=H4fcjK3sGqA
The binomial formulas - a brief explanation | Lehrerschmidt;https://www.youtube.com/watch?v=HbfGc8Y_VFM
Square - Calculate side length from diagonal | Lehrerschmidt;https://www.youtube.com/watch?v=Ch7G6HnjD_0
Homeschooling - A video for parents!;https://www.youtube.com/watch?v=G1gk9xtF9iU
Trapezoid - Calculate area (both formulas) |  Lehrerschmidt;https://www.youtube.com/watch?v=-Jfh21PlKug
Homeschooling - and how are you doing? #Gassitogo;https://www.youtube.com/watch?v=OJCs4iKaxFw
Parallelogram - Labeling and Properties | Lehrerschmidt;https://www.youtube.com/watch?v=j3BvWwYW5kA
Parallelogram - Calculate Area | Lehrerschmidt;https://www.youtube.com/watch?v=gIiY0eQ6Kzo
Rectangle - Calculate diagonal | Lehrerschmidt;https://www.youtube.com/watch?v=ySKSRVPFMeM
Final Examination Mathematics 2020 - Secondary School;https://www.youtube.com/watch?v=1IurjIKCiz0
Final Examination Mathematics 2020 - Secondary School Grade 10;https://www.youtube.com/watch?v=eKoQTqpX77k
Final Examination Mathematics 2020 - Secondary School Grade 9;https://www.youtube.com/watch?v=dC0MfeJSU5w
How will classes work starting Monday? Saturday classes? Masks?;https://www.youtube.com/watch?v=CNN4DtklYyM
Rectangle - Labeling, Area & Perimeter | Lehrerschmidt;https://www.youtube.com/watch?v=nFPjJ58MGc0
Rectangle - Calculate side from area |  Lehrerschmidt;https://www.youtube.com/watch?v=-lwNf1BUstI
Homeschooling begins... mandatory! #Gassitogo;https://www.youtube.com/watch?v=XA7e84OrvDA
Rhombus - Calculate area and perimeter | Lehrerschmidt;https://www.youtube.com/watch?v=1dDSHMF0Fng
Square - labeling, area, and perimeter |  Lehrerschmidt;https://www.youtube.com/watch?v=FEqeQ5KZtIw
Rhombus - Labeling and Properties | Lehrerschmidt;https://www.youtube.com/watch?v=p3Biq449crc
Rechteck - Umfang berechnen | Lehrerschmidt;https://www.youtube.com/watch?v=PyvIJn7575w
Rectangle - label correctly |  Lehrerschmidt;https://www.youtube.com/watch?v=VwbN2ByhdOo
Calculate the area of ​​a square from the diagonal | Lehrerschmidt;https://www.youtube.com/watch?v=9cfXWC6ic6g
Square - Calculate side length from area | Lehrerschmidt;https://www.youtube.com/watch?v=U2eF-dCtAtI
Square - Calculate diagonal | Lehrerschmidt;https://www.youtube.com/watch?v=8_EjYnVFFw8
And some things will change forever! THAT'S GOOD! #Gassitogo;https://www.youtube.com/watch?v=IRd7UWz4iUg
Quadrat - Umfang berechnen | Lehrerschmidt;https://www.youtube.com/watch?v=RmSbeYrOfCM
Square - Calculate Area |  Lehrerschmidt;https://www.youtube.com/watch?v=sVsdo48vMqc
Square - label correctly |  Lehrerschmidt;https://www.youtube.com/watch?v=wdjd2NWU3SY
Triangle - Calculate perimeter | Lehrerschmidt;https://www.youtube.com/watch?v=qOdjaSx_nN4
Triangle - Calculate Area | Lehrerschmidt;https://www.youtube.com/watch?v=UZSU-leMOKc
Constructing a circumcircle (perpendicular bisector) | Lehrerschmidt;https://www.youtube.com/watch?v=q51eZtt4QQM
Triangle - label correctly | Mathematics - Basics | Lehrerschmidt;https://www.youtube.com/watch?v=8ebU6PdMUnY
Written division - divisor greater than dividend | Lehrerschmidt;https://www.youtube.com/watch?v=DLzdKXXOVRo
And suddenly you have time! #Gassitogo;https://www.youtube.com/watch?v=UlMN5ZEwvOc
Constructing an incircle - (angle bisector) | Lehrerschmidt;https://www.youtube.com/watch?v=efc_pgIi4Rs
Constructing the center of gravity - (side bisector) | Lehrerschmidt;https://www.youtube.com/watch?v=hOAgknvO5dI
Constructing perpendicular bisectors - simply explained | Lehrerschmidt;https://www.youtube.com/watch?v=uyjVVRK588I
Constructing angle bisectors - simply explained |  Lehrerschmidt;https://www.youtube.com/watch?v=ujLNz8ql7Us
Constructing a circle from three points - Geometry | Lehrerschmidt;https://www.youtube.com/watch?v=RTF8Iai37YI
Constructing medians - (Focus) | Lehrerschmidt;https://www.youtube.com/watch?v=dU9Lb7DPgcg
Written division - explained simply | Lehrerschmidt;https://www.youtube.com/watch?v=KMoA3fIHLhY
Sphere - Calculate radius from volume | Lehrerschmidt;https://www.youtube.com/watch?v=BBiCCVEJrYA
Cosine theorem - simply explained | Lehrerschmidt;https://www.youtube.com/watch?v=5LcCfPSLbpE
Triangle - right-angled - equilateral - isosceles | Lehrerschmidt;https://www.youtube.com/watch?v=TaOvMNWvZbA
Circle - Calculate radius from circumference |  Lehrerschmidt;https://www.youtube.com/watch?v=AP4md4rF_fc
Circle - Constructing a Tangent | Lehrerschmidt;https://www.youtube.com/watch?v=HNxRJ28__gY
7 tips for parents with school-age children at home | Lehrerschmidt;https://www.youtube.com/watch?v=t6QLXFWpARU
Circle - Calculate radius from area | Lehrerschmidt;https://www.youtube.com/watch?v=suzwj9mYEJg
Sphere - Calculate radius from surface area (rearrange formula) | Lehrerschmidt;https://www.youtube.com/watch?v=UPxlwKah-yk
Sphere - Calculate surface area | Lehrerschmidt;https://www.youtube.com/watch?v=4AeyoWynSEg
Circle - Calculate area and perimeter | Lehrerschmidt;https://www.youtube.com/watch?v=CAjWHNvYCU0
You didn't learn that in school!;https://www.youtube.com/watch?v=_qbVBPj_xSk
Please just stay at home! #stayathome;https://www.youtube.com/watch?v=uWHQqr_RLsI
Rule of three - calculating the base value | Lehrerschmidt;https://www.youtube.com/watch?v=-I-h_ewk7G8
Sphere - Calculate volume | Lehrerschmidt;https://www.youtube.com/watch?v=3VET9xmk_HY
Training: Creating a learning video – explained very simply!;https://www.youtube.com/watch?v=kJLN4u2vrFw
Rule of three - calculating percentages | Lehrerschmidt;https://www.youtube.com/watch?v=KfdU0G9sxDQ
Rule of three - calculating percentages | Lehrerschmidt;https://www.youtube.com/watch?v=w4c6fNktgx0
Rule of three - simply explained (calculating percentages) | Lehrerschmidt;https://www.youtube.com/watch?v=ELKsWSoQUjo
#Lernfie - The best challenge in the world and you are nominated!;https://www.youtube.com/watch?v=bj5_5iqKDtg
Rhombus - Calculate area and perimeter | Lehrerschmidt;https://www.youtube.com/watch?v=tjHQatrUbhY
linear function - determine the intersection point on the y-axis | Lehrerschmidt;https://www.youtube.com/watch?v=WDgH4CN-enA
Parabola - reading the vertex - quadratic function | Lehrerschmidt;https://www.youtube.com/watch?v=J6pEEA7B9-g
And then the schools are closed... Let's make the best of it!;https://www.youtube.com/watch?v=eN13UTlYt84
Normal parabola y = x^2 - quadratic functions - basics | Lehrerschmidt;https://www.youtube.com/watch?v=B4FaFq65l30
Alles in Butter....;https://www.youtube.com/watch?v=xjwRShO3I8o
Completing the square - explained simply | Lehrerschmidt;https://www.youtube.com/watch?v=-yt-Cdr6kto
Come on! Let's make the world a little bit better! #Gassitogo;https://www.youtube.com/watch?v=dNfhzR7rq2g
Linear functions: Is there an intersection point? | Lehrerschmidt;https://www.youtube.com/watch?v=DuY8Jzilc10
Laws of arithmetic: commutative law - associative law - distributive law | Lehrerschmidt;https://www.youtube.com/watch?v=CjXVp1IOXrI
Linear function - Does the point lie on a straight line? | Lehrerschmidt;https://www.youtube.com/watch?v=PRJN-eC766o
Washing your hands in 5 steps! Here's how! | Teacher Schmidt;https://www.youtube.com/watch?v=o7yxBdTRzj0
Linear function - create a table of values ​​(graphically & mathematically) | Lehrerschmidt;https://www.youtube.com/watch?v=E-PW7MwzyEY
Substitution method with trial | linear systems of equations | Lehrerschmidt;https://www.youtube.com/watch?v=ozmUD7o_yu8
Equating methods with a sample - linear systems of equations | Lehrerschmidt;https://www.youtube.com/watch?v=m--VyxIK-cE
linear function - calculate zero | Lehrerschmidt;https://www.youtube.com/watch?v=gbAx4WzT0pI
Not the brightest candle on the cake... #Gassitogo;https://www.youtube.com/watch?v=K0MvSCpsuMQ
Shifting a linear function | Mathematics - simply explained | Lehrerschmidt;https://www.youtube.com/watch?v=TBDBuLdQOcM
Addition methods - linear systems of equations (easy & difficult) Lehrerschmidt;https://www.youtube.com/watch?v=ZKeWfvV3CRk
400K Special - The final secret!;https://www.youtube.com/watch?v=iX1k49IlbWk
Reading a linear function & determining a linear function | Lehrerschmidt;https://www.youtube.com/watch?v=4aUyOgoYJpc
Gassitogo: Learning with the LernBOT & receipt APP;https://www.youtube.com/watch?v=_6EfXHGIBg8
Coordinate system - Draw a point & read a point | Lehrerschmidt;https://www.youtube.com/watch?v=afyfov1eQgs
Basic concepts of mathematics: sum, difference, product, quotient | Lehrerschmidt;https://www.youtube.com/watch?v=GcJzHlq2cb8
How do you write numbers? 12 or twelve? | Spelling | Lehrerschmidt;https://www.youtube.com/watch?v=65Xpg0UWj8o
Logarithm - simply explained 10^x = 1000 | Lehrerschmidt;https://www.youtube.com/watch?v=f1tFVT0_Iz8
sturmmüde...;https://www.youtube.com/watch?v=PaE4b05K_Jc
10 common spelling mistakes from school #5 | Lehrerschmidt;https://www.youtube.com/watch?v=GOZEMRDEw-Q
Times of day & days of the week | Spelling - simply explained | Lehrerschmidt;https://www.youtube.com/watch?v=vxY9kRYAUss
Constructing the center of a circle - Constructing the center of a circle | Lehrerschmidt;https://www.youtube.com/watch?v=-_tbZdLYF30
A very difficult decision... or perhaps quite easy! | Lehrerschmidt;https://www.youtube.com/watch?v=rkDHEZysYGk
Certificates - The number that really matters!;https://www.youtube.com/watch?v=r2Z59_6GWEU
Beziehungen zwischen Zahlen | Grundlagen | Lehrerschmidt;https://www.youtube.com/watch?v=kroXCcvFXJ4
Plotting a linear function (y=mx+b) |  Lehrerschmidt;https://www.youtube.com/watch?v=TKK-25nz-cE
Kla-Po-Pu-Stri - Sounds weird, but it's important! | Lehrerschmidt;https://www.youtube.com/watch?v=r_WAB2vKL1E
10 common spelling mistakes from school #4 | Lehrerschmidt;https://www.youtube.com/watch?v=nwdZxHruYtA
School 2040 - What should schools look like in 20 years? | Lehrerschmidt;https://www.youtube.com/watch?v=1Dy9VzOVXzA
Quadratic formula (ABC formula) - solving quadratic equations;https://www.youtube.com/watch?v=ldoXVAEAyLQ
P-Q formula - solving quadratic equations | Lehrerschmidt;https://www.youtube.com/watch?v=GqOmSgaiJBs
10 common spelling mistakes from school #3;https://www.youtube.com/watch?v=2VZS7n5_CNU
Only bad grades... What can I do? | Lehrerschmidt;https://www.youtube.com/watch?v=JD_uXW5bzAg
On my own behalf & social media: Instagram, Tiktok, Twitch ??;https://www.youtube.com/watch?v=IbG4_WalWiE
Creating a strip chart - simply explained | Lehrerschmidt;https://www.youtube.com/watch?v=Dj3XJ1MRqQA
Powers - Basics, Base, Exponent, Laws of Exponents - Simply Explained | Teacher Schmidt;https://www.youtube.com/watch?v=Oo7gFQoG16c
Four-day week: sensible or nonsensical? #Gassitogo;https://www.youtube.com/watch?v=VUk3NpsYzYo
10 common spelling mistakes from school #2 | Lehrerschmidt;https://www.youtube.com/watch?v=tP4Pi5SprK4
Boxplot - simple and difficult example | Lehrerschmidt;https://www.youtube.com/watch?v=7Jyv36lTbE4
Calculating value-added tax (VAT) - example with receipt | Lehrerschmidt - simply explained!;https://www.youtube.com/watch?v=z0HKALa36b4
10 gute Vorsätze für die Schule! | Lehrerschmidt - #Gassitogo;https://www.youtube.com/watch?v=FEFWFXgmvn8
10 common mistakes in plural formation from school | Lehrerschmidt;https://www.youtube.com/watch?v=dvredbE8YUc
The thing with the firecrackers! #Gassitogo | Lehrerschmidt;https://www.youtube.com/watch?v=_Ju-7MOjATw
10 common spelling mistakes from school (1) - German | Lehrerschmidt;https://www.youtube.com/watch?v=Okyk-OmVmkA
Evaluation - Your opinion is needed! | Lehrerschmidt;https://www.youtube.com/watch?v=ZrU-P9ks0P4
Mode value, mean value, central value, minimum value, maximum value, range, ranking | Lehrerschmidt;https://www.youtube.com/watch?v=Sy2UdM5q_6k
The Teachers' Lounge - 10 Secrets & Truths | Lehrerschmidt;https://www.youtube.com/watch?v=_P_kXW-rx0A
Weihnachtsbaum & Stromkosten - Mal eben ausgerechnet | Lehrerschmidt;https://www.youtube.com/watch?v=LgJ-0H6CSpY
Spelling - a dictation every Friday!;https://www.youtube.com/watch?v=3FOc68PTBNA
Happy holidays, climate protection, train travel and a mistake in thinking?;https://www.youtube.com/watch?v=0Z_4oRNRc88
REWIND Lehrerschmidt - Annual Financial Statements 2019 - Okay, that's it! Thanks!;https://www.youtube.com/watch?v=DQLHRORAsIo
Outrageous or outrageously clever? Early vacation & tactical absence | Lehrerschmidt;https://www.youtube.com/watch?v=5VzdPko49RI
Holiday school – a really great idea for your school! 100% voluntary! | Lehrerschmidt;https://www.youtube.com/watch?v=33g4TrOrW8w
Growth and Decay - Mathematics - Simply Explained | Lehrerschmidt;https://www.youtube.com/watch?v=affn4KyXXFk
Creating a pie chart - Mathematics - simply explained | Lehrerschmidt;https://www.youtube.com/watch?v=ecdLniw5DM8
Create a bar chart | Mathematics - simply explained | Lehrerschmidt;https://www.youtube.com/watch?v=N3w-hBbgLqY
Create a bar chart | Mathematics - simply explained | Leherschmidt;https://www.youtube.com/watch?v=uUug5TUikVk
Mental arithmetic | Why your math teacher is always faster! [TRICK];https://www.youtube.com/watch?v=gFP6i5lODNM
Calculating used to be so easy! (The old method) | Lehrerschmidt;https://www.youtube.com/watch?v=sRBCchl_9eY
Central value - Calculate median | Ranking, range, mode | Lehrerschmidt;https://www.youtube.com/watch?v=SgigRdHjevM
PISA study: Can't you read properly either? Two suggestions! | Teacher Schmidt;https://www.youtube.com/watch?v=eg6QCWOKJQA
Mean - Average - Calculating the arithmetic mean | Simply explained - Teacher Schmidt in 4K;https://www.youtube.com/watch?v=CzgGMiq_g4Q
Primary list, tally list, absolute frequency, relative frequency - simply explained | Lehrerschmidt;https://www.youtube.com/watch?v=WHteFRo6By8
300K SUBSCRIPTION SPECIAL | without Unge & Bibi, but with LehrerINschmidt & Lehrerschmidt;https://www.youtube.com/watch?v=8tvvhSVaecs
Parents' evening - which type of school: Hauptschule, Realschule or Gymnasium | Lehrerschmidt;https://www.youtube.com/watch?v=86NnbITs6A0
10 tips for a good grade in your next class test! | Lehrerschmidt;https://www.youtube.com/watch?v=LSyognpQk0w
We all don't exercise enough! Dog-walking to go | Lehrerschmidt;https://www.youtube.com/watch?v=wxBhUry6xEM
Sine theorem - Trigonometry | Lehrerschmidt - simply explained!;https://www.youtube.com/watch?v=O2ZY6htEY4k
Arcsine, arccosine, arctangent – ​​that's how it works! | Lehrerschmidt – simply explained!;https://www.youtube.com/watch?v=x_VLVplzdW4
Tangent in a right-angled triangle - detailed version | Lehrerschmidt - simply explained!;https://www.youtube.com/watch?v=ypMiC5bhOvc
Evaluate teachers! Yes, but not like that... | Lehrerschmidt;https://www.youtube.com/watch?v=oj21SFsQVpg
Erst lesen, dann kommentieren.... | Lehrerschmidt;https://www.youtube.com/watch?v=3geLSLV4m0Y
Parent-teacher conferences - That's how it really is! | Lehrerschmidt;https://www.youtube.com/watch?v=nQUAg3ogPNo
"Youth Word of 2019: ""cringe,"" ""Alman,"" ""Habibi,"" or ""Bratan""? #Vote! | Lehrerschmidt";https://www.youtube.com/watch?v=vhwtVZYFSG0
Professioneller Umgang mit Unterrichtsstörungen! | Lehrerschmidt;https://www.youtube.com/watch?v=I19gbyPix7M
Time limits for online games? #Discussion! | Lehrerschmidt;https://www.youtube.com/watch?v=N-ZgFR5-4aU
#Gassitogo - Glasspeicher und 4-Tage-Woche | Lehrerschmidt;https://www.youtube.com/watch?v=MThlYMFdd9c
Cosine - in a right-angled triangle - detailed version | Lehrerschmidt - simply explained!;https://www.youtube.com/watch?v=JzfjgEcKifs
Subtracting decimals / subtracting decimal numbers | Lehrerschmidt - simply explained!;https://www.youtube.com/watch?v=T-F_boebdiE
Mixed number & improper fraction | Lehrerschmidt - simply explained!;https://www.youtube.com/watch?v=Jhw3ClZkEDk
Sine - in a right-angled triangle - detailed version | Teacher Schmidt - simply explained!;https://www.youtube.com/watch?v=KVx7pGwHVJE
Reformation Day vs. Halloween - Why isn't tomorrow a bridge day? | Lehrerschmidt;https://www.youtube.com/watch?v=fo6F-qoQ4tw
Fractions – a very simple introduction! | Lehrerschmidt – simply explained!;https://www.youtube.com/watch?v=bY203lLCIQ8
250K FAQ Special - 42 Fragen und Antworten ...;https://www.youtube.com/watch?v=fiECmqrUjfs
MOOC - Is this the future? A true story! | Lehrerschmidt;https://www.youtube.com/watch?v=Cx_GxRjdfXY
Angle pairs: supplementary angles, vertical angles, corresponding angles, alternate angles | Lehr...;https://www.youtube.com/watch?v=5YLm6hRpAno
Adding decimals / adding decimal fractions | Lehrerschmidt - simply explained!;https://www.youtube.com/watch?v=k9avX3LY3jo
REAL TALK: Nein, ich kann nicht besser erklären... | Lehrerschmidt;https://www.youtube.com/watch?v=FuDEoYAeaIA
Measuring angles & drawing angles - simply explained | Lehrerschmidt - simply explained!;https://www.youtube.com/watch?v=-GrYGqMHwxg
Rewards are (also) bad! ...unless you do it right! | Lehrerschmidt - simply explained!;https://www.youtube.com/watch?v=YfEx3jtQpOw
Kopfnoten abschaffen? Alternativ ein Führungszeugnis für Schüler*innen? | Lehrerschmidt;https://www.youtube.com/watch?v=KSUctGuYVw4
Summer holidays... will everything be different now? | Lehrerschmidt;https://www.youtube.com/watch?v=xYDwwiAaaRg
Central dilation | Teacher Schmidt - simply explained!;https://www.youtube.com/watch?v=0yvpcgF1wXk
Don't criticize! Sweatpants, homework, and an important insight... | Lehrerschmidt;https://www.youtube.com/watch?v=YXFXHuFBXiE
Dividing decimals / Dividing decimal numbers | Lehrerschmidt - simply explained!;https://www.youtube.com/watch?v=kSXeh4xNZks
Substitution method | linear systems of equations | Lehrerschmidt – simply explained!;https://www.youtube.com/watch?v=4N6D7fHEXoI
Für einen Newsletter bezahlen? | Lehrerschmidt;https://www.youtube.com/watch?v=LG2oLTV9BYE
Tree-planting party... That would be a good challenge!! | Lehrerschmidt;https://www.youtube.com/watch?v=V3bJG-ElpFs
RC Crawler - durch die Steppe...;https://www.youtube.com/watch?v=Qq7A9WUraAg
World Teachers' Day... or why are we missing so many teachers? | Lehrerschmidt;https://www.youtube.com/watch?v=urniwks8YW4
Calculating cash discounts - explained quickly and easily! | Lehrerschmidt - explained simply!;https://www.youtube.com/watch?v=WMC6p9cJCAw
Written division with a two-digit divisor | Lehrerschmidt - simply explained!;https://www.youtube.com/watch?v=x0M3WFmBwi4
Who pays for the tablet for class? School or parents? (BYOD) | Lehrerschmidt;https://www.youtube.com/watch?v=XlXKVWf7URA
Multiplying decimals / Multiplying decimal fractions | Lehrerschmidt - simply explained!;https://www.youtube.com/watch?v=cFjQgzCn3xY
Comparing fractions | Lehrerschmidt - simply explained!;https://www.youtube.com/watch?v=o1B1gO3b8AI
Abitur too easy? Grade inflation? University entrance exams? | Lehrerschmidt;https://www.youtube.com/watch?v=0Nog2QrVTSI
Converting fractions to percentages | Lehrerschmidt - simply explained!;https://www.youtube.com/watch?v=AWGb9rOJeP0
Dividing two decimals | Decimal number by decimal number | Lehrerschmidt - simply explained!;https://www.youtube.com/watch?v=-pkHepgByok
100 years of elementary school – a school for everyone! | Lehrerschmidt;https://www.youtube.com/watch?v=JP3gglA72l0
Comparing adjectives | Positive - comparative - superlative | Lehrerschmidt - simply explained!;https://www.youtube.com/watch?v=derTVCuT_Bg
Converting a decimal number to a fraction | Lehrerschmidt - simply explained!;https://www.youtube.com/watch?v=_rPOeFrZ7L8
Abolish school grades? #Discussion | Lehrerschmidt;https://www.youtube.com/watch?v=cEJTawZoNSo
Calculate compound interest - Enter into the Texas Instruments (TI) calculator | Lehrerschmidt;https://www.youtube.com/watch?v=9Wpqh6H2KZo
Addition methods | linear systems of equations | I. + II. | Lehrerschmidt - simply explained!;https://www.youtube.com/watch?v=NSTqfnavnyE
A difficult decision! | Lehrerschmidt;https://www.youtube.com/watch?v=BAMaMUTzy9s
10 tips for a really good presentation! | Lehrerschmidt;https://www.youtube.com/watch?v=qRLQDCyPqYQ
You didn't learn that in school! | Lehrerschmidt;https://www.youtube.com/watch?v=ZJJYf_WV4Tc
Equating methods | linear systems of equations | y=y | Lehrerschmidt – simply explained!;https://www.youtube.com/watch?v=JemB5gL2aC8
Ecosia – a little climate rescue on your smartphone ... | Lehrerschmidt;https://www.youtube.com/watch?v=879cl4jJhMk
Halbschriftliches Dividieren mit Rest | Lehrerschmidt - einfach erklärt!;https://www.youtube.com/watch?v=0qoMgPvRixc
200.000 Abo-Special: Ein ganz unnormaler Tag & BeautySchmidt (Version 2.0) | Lehrerschmidt;https://www.youtube.com/watch?v=Fj4mmio8J9o
Incompetence compensation skills | Lehrerschmidt – simply explained!;https://www.youtube.com/watch?v=iggqfStW-Vo
1,000,000 Euro prize money: Bielefeld doesn't exist! (I'm afraid!) | Lehrerschmidt - simply expla...;https://www.youtube.com/watch?v=wRsxpQs_EI0
Direct speech | German grammar | Lehrerschmidt – simply explained!;https://www.youtube.com/watch?v=WOEXfwkIw0o
Lowest common multiple | LCM | Lehrerschmidt – simply explained!;https://www.youtube.com/watch?v=tGDCF575v2o
Plot a linear function | y=mx+b | Lehrerschmidt - simply explained!;https://www.youtube.com/watch?v=UVcOBaQP47A
Are strict teachers better? | Lehrerschmidt - simply explained!;https://www.youtube.com/watch?v=Lnawpa2HQjY
Digitalpakt Schule - So viel Geld bekommt deine Schule! | Lehrerschmidt - einfach erklärt!;https://www.youtube.com/watch?v=rsMq5pBolN8
Edutubers are changing learning! (Second study published) | Lehrerschmidt - simply explained!;https://www.youtube.com/watch?v=9YtQQ7kWZ74
10 tips for improving your oral exam grade | Lehrerschmidt - simply explained!;https://www.youtube.com/watch?v=DhdpsmU2Nwo
Greatest common divisor (GCF) | Fractions | Lehrerschmidt - simply explained!;https://www.youtube.com/watch?v=vCk1qe1FyDI
10 tips for a successful new school year | Lehrerschmidt - simply explained!;https://www.youtube.com/watch?v=JpnSkL2zPt0
Diese Aufgabe verwirrt ganz Deutschland! Kannst du sie lösen? | Lehrerschmidt - einfach erklärt!;https://www.youtube.com/watch?v=p0TMcdgHkMs
The thing with the comments... or 1%... why...? | Lehrerschmidt - simply explained!;https://www.youtube.com/watch?v=i0MYGs7UjoY
Simplifying fractions & expanding fractions | Lehrerschmidt - simply explained!;https://www.youtube.com/watch?v=j0nGj6N2bxk
New Learning - Is this the future? | Lehrerschmidt - simply explained!;https://www.youtube.com/watch?v=JHKYsfIpbeQ
A true story ... about our future, the digitalization of learning and justice;https://www.youtube.com/watch?v=FOWGEWRWXBo
Air conditioning - electricity costs per hour?;https://www.youtube.com/watch?v=WGzpPSWPts4
Semi-written multiplication | Lehrerschmidt - simply explained!;https://www.youtube.com/watch?v=VxfYXmja9_I
COOL: Cool drinks quickly!!! (with proof!) | Lehrerschmidt - simply explained!;https://www.youtube.com/watch?v=5KoJ2OR-O3c
4 = 5? Is that possible? Find the mistake! | Lehrerschmidt;https://www.youtube.com/watch?v=cl9ZObHLluA
Why is sports cool? ...and education not? #Gassitogo | Lehrerschmidt - simply explained!;https://www.youtube.com/watch?v=KXl4f2bt-UE
Similarity of triangles | Lehrerschmidt - simply explained!;https://www.youtube.com/watch?v=Sm8DnMbQD00
Instagram - Werden die LIKES abgeschafft? Warum eigentlich? #Gassitogo;https://www.youtube.com/watch?v=z8QMtfNMwZY
Terms - Resolving brackets (plus and minus brackets) explained simply | Lehrerschmidt;https://www.youtube.com/watch?v=Hm_MFoOP9xY
Gassi-to-go: Warum klappt das in den Niederlanden besser?;https://www.youtube.com/watch?v=Tcx2Bb25M6I
Special: I'm at 180 ........ K;https://www.youtube.com/watch?v=VPa0VHFGBNo
Written division with remainder | Lehrerschmidt - simply explained!;https://www.youtube.com/watch?v=H63IJopwHNY
Definite article & indefinite article - German grammar | Lehrerschmidt - simply explained!;https://www.youtube.com/watch?v=sEVWRS1rNPg
Abacus - Addition & Subtraction - OLD KNOWLEDGE! This is how people used to calculate! | Lehrersc...;https://www.youtube.com/watch?v=BQEuPpjXVDI
Abacus - Division - ANCIENT KNOWLEDGE - This is how people used to calculate! | Lehrerschmidt - s...;https://www.youtube.com/watch?v=iTO3V0D_xqQ
Central Abitur - A question of justice? #Gassitogo;https://www.youtube.com/watch?v=Yp-voPtH3YQ
Abacus - Multiplication - OLD KNOWLEDGE - this is how people used to calculate! | Lehrerschmidt -...;https://www.youtube.com/watch?v=Z-xPbEEhpFI
Summer Holiday CHALLENGE - You'll NEVER do it!;https://www.youtube.com/watch?v=PQLPOxzqwf4
Fractions with a calculator (CASIO) | Lehrerschmidt - simply explained!;https://www.youtube.com/watch?v=g4ipJeecJZs
Slide rule - This used to be a pocket calculator! | Lehrerschmidt - simply explained!;https://www.youtube.com/watch?v=xzkisgnvmwc
Oak processionary moth - what can we do?;https://www.youtube.com/watch?v=AUTuqcs5jMg
Volleyball...must be banned!!!1elf;https://www.youtube.com/watch?v=FjGX7V4eckU
Okay, that's it! | Lehrerschmidt;https://www.youtube.com/watch?v=wJ-P8aSRSJA
Fractions with a calculator (Texas Instruments) | Lehrerschmidt - simply explained!;https://www.youtube.com/watch?v=p7FrhAdGMXE
Calculate slope & convert to degrees | Teacher Schmidt - simply explained!;https://www.youtube.com/watch?v=aCrMeQ5RmXg
A really bad report card.... #HonoraryParents;https://www.youtube.com/watch?v=gPf_veS0a8E
"DIY - ""Klimaanlage"" selber bauen - ganz einfach und echter Effekt!";https://www.youtube.com/watch?v=QvonjAvKNGY
Roman numerals & nerd knowledge - Mathematics - simply explained;https://www.youtube.com/watch?v=B_pwWajLxdY
#Advertisement - Dog Walking to Go! Does this really need to be regulated?;https://www.youtube.com/watch?v=Iq9ywpBfwBg
5G - Auction: Network expansion, milk cans and schools;https://www.youtube.com/watch?v=tNLu0DuOL6Q
Old multiplication - forgotten knowledge! You've never seen this before! | Lehrerschmidt;https://www.youtube.com/watch?v=aVrJIhgHqrw
Circle - Calculating Area and Perimeter - Typical Tasks | Lehrerschmidt;https://www.youtube.com/watch?v=OFiLAk04SDc
5th superScale 2019 - more than 600 RC Cars - Crawler & Scaler | Lehrerschmidt;https://www.youtube.com/watch?v=D80C3fU3bRc
Calculating scale - What does 1:50,000 or 1:200,000 mean? | Teacher Schmidt - simply explained!;https://www.youtube.com/watch?v=FoUPo4y_x3k
There's something going on today... | Lehrerschmidt;https://www.youtube.com/watch?v=R4dqzMlOvms
Units of measurement: km, m, dm, cm, mm - converting length measurements | Lehrerschmidt - simply...;https://www.youtube.com/watch?v=yGTVvJcATzE
Quadrat  - Umfang berechnen | Lehrerschmidt - einfach erklärt!;https://www.youtube.com/watch?v=xAZpVJBX14c
Try: Make cloudy glasses shiny again... Lifehack or fake?;https://www.youtube.com/watch?v=2Cnkam-ftsY
Kosinus - Trigonometrie | Lehrerschmidt - einfach erklärt!;https://www.youtube.com/watch?v=PvwE3Iqr5Wk
Thank you! | Lehrerschmidt;https://www.youtube.com/watch?v=EjzBHjb_z1M
The 5th branch of government! ... Rezo, politics and YouTube;https://www.youtube.com/watch?v=_Zvo44GYkrk
How much does a teacher earn? ... A12 or A13... How much is that? | Lehrerschmidt;https://www.youtube.com/watch?v=0bt_KmQxy3Q
Sine - Trigonometry - How it's done! | Lehrerschmidt;https://www.youtube.com/watch?v=3lpcFY-FNec
Adjacent side - opposite side - hypotenuse - that's how it works! (sin, cos, tan...) | Lehrerschmidt;https://www.youtube.com/watch?v=BKuTvKSng78
GA GA Hühnerhaus AG .... Trigonometry ... sin, cos, tan, cot | Lehrerschmidt - simply explained!;https://www.youtube.com/watch?v=9VngjAv1Zyc
Trapezoid - Calculating Area and Perimeter | Teacher Schmidt - Simply Explained!;https://www.youtube.com/watch?v=StCQAOmTCLw
Converting units of measurement - Mass measurements with decagrams (!) Version: Austria AT | Lehr...;https://www.youtube.com/watch?v=7B9ZZEj7IUQ
Abitur too easy? The Petition Dilemma vs. the Anti-Flynn Effect | Lehrerschmidt;https://www.youtube.com/watch?v=LBiujWrDvMQ
Triangle - Calculate Area | Lehrerschmidt;https://www.youtube.com/watch?v=VKkRc8O8_R8
Druck berechnen - Physik | Lehrerschmidt - einfach erklärt!;https://www.youtube.com/watch?v=JV7oVImOXEw
The Abitur is much too easy..... | Lehrerschmidt;https://www.youtube.com/watch?v=Lu2IqMDLuF8
Rectangle - Calculate area | Lehrerschmidt - simply explained!;https://www.youtube.com/watch?v=QVDlT7eYnTU
Electrolysis – simply explained with an experiment! | Lehrerschmidt;https://www.youtube.com/watch?v=lfisBhGV2Gk
Calculate perimeter - square or rectangle | Lehrerschmidt - simply explained!;https://www.youtube.com/watch?v=avzLGPebVBc
Calculating the area of ​​a square | Lehrerschmidt - simply explained!;https://www.youtube.com/watch?v=KstWJC95lEs
Strong verbs - weak verbs - mixed verbs - German - Grammar | Lehrerschmidt;https://www.youtube.com/watch?v=WgtWsuaajXg
YouTuber as a real job? Is that a profession? #askSchmidt;https://www.youtube.com/watch?v=4WbOLnfR20Q
Das or dass? German spelling | Lehrerschmidt - simply explained!;https://www.youtube.com/watch?v=7hXNs5sYnT8
5 coole Experimente in 30 Sekunden!!! SO COOL! NICHT NACHMACHEN!!;https://www.youtube.com/watch?v=YBoUxq1dlZ8
Elephant toothpaste, frost roses & BASS with Dr. Sascha Vogel @Ideenexpo19 | Lehrerschmidt;https://www.youtube.com/watch?v=R8mu0MWN5DA
Transfer at risk! Help... the blue letter is coming! What can I do? | Lehrerschmidt;https://www.youtube.com/watch?v=jE20xfmyxHo
Multiplying out | Resolving parentheses - Terms and equations - Mathematics | Lehrerschmidt;https://www.youtube.com/watch?v=X5E2bqby8f0
Addendum, Sum, Minuend, Subtractor, Difference, Factor, Product, Dividend, Divisor, Quotient;https://www.youtube.com/watch?v=nMm7WQDopLI
Final Mathematics Exam 2019 - What's coming up! Secondary School, Middle School, and High School;https://www.youtube.com/watch?v=IvCHQ8zMtuw
Final devoicing d/t - b/p - g/k - German - Spelling | Lehrerschmidt - simply explained;https://www.youtube.com/watch?v=98IDZkUCbi4
Converting recurring decimals into fractions - Fraction calculation | Lehrerschmidt simply explained;https://www.youtube.com/watch?v=cIRS03SNvvo
Elektro-Auto - Warum eigentlich nicht Wasserstoff? #Frage;https://www.youtube.com/watch?v=7IDhedamglQ
Good Friday - a silent holiday! Is it still relevant? #Discussion | Lehrerschmidt;https://www.youtube.com/watch?v=8NO93_JQlNA
996 - The Secret Code to Success! | Lehrerschmidt;https://www.youtube.com/watch?v=Y45g7SUeHlg
Das Gilgamesch-Projekt .... nur ein technisches Problem! | Lehrerschmidt;https://www.youtube.com/watch?v=q-owwwgM9Xs
Axial symmetry - drawing mirror axes - mathematics - simply explained | Lehrerschmidt;https://www.youtube.com/watch?v=n6jIIZMc0hI
Double axial reflection - Geometry - Mathematics - simply explained | Lehrerschmidt;https://www.youtube.com/watch?v=XodyyBsn5p0
Axis reflection in the coordinate system - Geometry - Mathematics - simply explained | Lehrerschmidt;https://www.youtube.com/watch?v=_LV31JK6280
Point reflection with compass and set square - Mathematics - simply explained | Lehrerschmidt;https://www.youtube.com/watch?v=REtG1CV9ujc
Achsenspiegelung mit Zirkel und Geodreieck - Mathematik - einfach erklärt | Lehrerschmidt;https://www.youtube.com/watch?v=pej1BH3i6Yw
Jogginghose verboten! Eine Schule verbietet die Jogginghose #Diskussion;https://www.youtube.com/watch?v=muzdw-mnKcs
Mündliche Prüfung - Tipps vom Prüfer für den Erfolg! | Lehrerschmidt;https://www.youtube.com/watch?v=lO1j5myr5eE
Removing brackets (distributive property) - Expressions and equations - Mathematics | Teacher Sch...;https://www.youtube.com/watch?v=Wx32P1OEKyU
Rounding decimal numbers - Rounding numbers - with & without a calculator | Mathematics | Lehrers...;https://www.youtube.com/watch?v=UKfEv3ooACI
schriftliches Addieren ohne Zehnerübergang | Mathematik  Lehrerschmidt;https://www.youtube.com/watch?v=3Jd-xW5dKaY
Trick 17... This video will change your life forever!! | Lehrerschmidt;https://www.youtube.com/watch?v=2y1F_mtKGWE
Calculating per mille - Percentage calculation - Mathematics explained simply | Lehrerschmidt;https://www.youtube.com/watch?v=BbJZyGUxKMk
#RethinkSchool - You're in demand! Does school need to change? | Lehrerschmidt;https://www.youtube.com/watch?v=OpVu8N63dds
Lilly & the Twelfth Fairy... (true story);https://www.youtube.com/watch?v=dCv7wz_Oqt8
Written subtraction with multiple numbers - Mathematics - simply explained | Lehrerschmidt;https://www.youtube.com/watch?v=2qmLcqPqfrQ
Dead & Death - German - Spelling - Common Mistakes - Simply Explained | Lehrerschmidt;https://www.youtube.com/watch?v=QaKuz_v2JTs
Premium & Discount - Percentage Calculation - Simply Explained | Lehrerschmidt;https://www.youtube.com/watch?v=7JOfagga-F0
Percentage factor - this is how to quickly calculate percentages! Mathematics - Percentage calcul...;https://www.youtube.com/watch?v=MbLO-TC18aU
Trigintillion & Millinillion .... WHAT?... counting to infinity... | Lehrerschmidt;https://www.youtube.com/watch?v=LWXkJSha6LI
Electric current (I) - Electricity - Physics - simply explained | Lehrerschmidt;https://www.youtube.com/watch?v=wKW6gclbdf0
Prozentsatz berechnen - Prozentrechnung mit Formel - Mathematik einfach erklärt | Lehrerschmidt;https://www.youtube.com/watch?v=YdBcJa8-81s
Calculate percentages - Percentage calculations with formulas - Mathematics explained simply | Le...;https://www.youtube.com/watch?v=XDvDfzdP_Fc
Indian multiplication - You don't learn that in school! | Lehrerschmidt;https://www.youtube.com/watch?v=j5D7dtMiNtA
Subtracting with decimal numbers | Mathematics - explained simply | Lehrerschmidt;https://www.youtube.com/watch?v=wBJhS-fuB74
Grundwert berechnen - Prozentrechnung mit Formel - Mathematik einfach erklärt | Lehrerschmidt;https://www.youtube.com/watch?v=gtEAmp8-K-8
Ummm, how cool is that... mathematics... with a twist! | Lehrerschmidt;https://www.youtube.com/watch?v=4-MGyWb7BBE
The Same and the Same - The Difference | German Grammar | Lehrerschmidt;https://www.youtube.com/watch?v=49fjQVw9ev4
Multiplying with decimal numbers | Mathematics - explained simply | Lehrerschmidt;https://www.youtube.com/watch?v=3rjD1HkbZKg
Electrical resistance - ohmic resistance (R) | Physics - explained simply | Lehrerschmidt;https://www.youtube.com/watch?v=ZwEGA2VQ80E
Formula triangle v=s/t | Physics - Mechanics - simply explained | Lehrerschmidt;https://www.youtube.com/watch?v=df7K7DgxE1w
Formula triangle - PUI | P = U*I | Physics - Electricity - simply explained | Lehrerschmidt;https://www.youtube.com/watch?v=rCSlbsQ5J6E
Formula triangle URI - Ohm's law | Physics - Electricity - simply explained | Lehrerschmidt;https://www.youtube.com/watch?v=gsAQDfNtc2Q
Percentage calculation - Converting formulas using the formula triangle (W, G, and p) | Lehrersch...;https://www.youtube.com/watch?v=CHr_r8tuacM
namely and not at all | German - Spelling - common mistakes! | Lehrerschmidt;https://www.youtube.com/watch?v=wVNUzW-H21M
Written multiplication (multiplication) - Mathematics - simply explained | Lehrerschmidt;https://www.youtube.com/watch?v=MZQSGKKCioU
Square numbers - You should learn these numbers by heart! | Lehrerschmidt;https://www.youtube.com/watch?v=ZjGOwtSx1a0
unique, sole & only - That's the difference! German - Grammar | Lehrerschmidt;https://www.youtube.com/watch?v=eejQECvt97M
How or than? That's the difference! | German - Grammar - Simply Explained | Lehrerschmidt;https://www.youtube.com/watch?v=sXccYDTstuI
Bring Your Own Device (BYOD) - This Is the Digital Future in Schools! | Lehrerschmidt;https://www.youtube.com/watch?v=-ok5uTJ4DHo
Again and again - That's the difference! | German | Spelling | Lehrerschmidt;https://www.youtube.com/watch?v=4hEhGPMfJew
to and after - That's the difference! | German | Spelling - simply explained | Lehrerschmidt;https://www.youtube.com/watch?v=8-xs4T0J4bM
You are and you have been - That's the difference! | German | Spelling | Lehrerschmidt;https://www.youtube.com/watch?v=nFikSc9nbzs
Determine median and create rankings | Mathematics - simply explained | Lehrerschmidt;https://www.youtube.com/watch?v=EdFWeVj0s8g
Calculating the average (mean) | Data and chance - simply explained | Lehrerschmidt;https://www.youtube.com/watch?v=OWy7d_cfsbU
absolute Häufigkeit & relative Häufigkeit | Wahrscheinlichkeit - einfach erklärt | Lehrerschmidt;https://www.youtube.com/watch?v=PBRoDcPymec
Heron's theorem - Calculate the area of ​​a triangle | Lehrerschmidt;https://www.youtube.com/watch?v=PwI_38vookU
Calculate radius from circle area | Area calculation - rearrange formula | Lehrerschmidt;https://www.youtube.com/watch?v=CDGUNoUBDdI
halbschriftliches Subtrahieren | Mathematik - einfach erklärt | Lehrerschmidt;https://www.youtube.com/watch?v=Rm9lHUPaJBA
Minus - schriftliches Subtrahieren (Ergänzungsverfahren)  Mathematik einfach erklärt | Lehrerschmidt;https://www.youtube.com/watch?v=U7H76rpe1p8
Ein schwarzes Paket ist angekommen... [UNBOXING] | Lehrerschmidt;https://www.youtube.com/watch?v=x1zX1kZcUN8
"""Help, my child wants to become a YouTuber!"" And why it's not so bad! [For parents]";https://www.youtube.com/watch?v=15YWG9yCTx8
Minus - written subtraction (subtraction method) | Mathematics explained simply | Lehrerschmidt;https://www.youtube.com/watch?v=NSMVl6RAMC4
"eBay Classifieds - ""What's the final price?"" Chat madness... [Real-life story!!]";https://www.youtube.com/watch?v=DGF3yaeTz-g
difficult & difficult | German - usage... can you tell the difference? | Lehrerschmidt;https://www.youtube.com/watch?v=g1XilfIKbZg
schriftliches Addieren mit Zehnerübergang | Mathematik einfach erklärt | Lehrerschmidt;https://www.youtube.com/watch?v=E1LxwRcyKIw
Written addition - all variations - an overview | Lehrerschmidt;https://www.youtube.com/watch?v=aYRhHmCUviU
Written addition with decimal numbers | Mathematics - explained simply #Lehrerschmidt;https://www.youtube.com/watch?v=WWsMd1qX7zg
Written addition with multiple numbers | Mathematics | Lehrerschmidt;https://www.youtube.com/watch?v=GBnhd9H3V2I
Addition methods - linear systems of equations - simply explained | Lehrerschmidt;https://www.youtube.com/watch?v=nPck_edfO0w
Equivalent transformation, equivalent transformation | Expressions and equations | Teacher Schmidt;https://www.youtube.com/watch?v=G5XxS2OFsJU
This is how you learn the multiplication table correctly! | Lehrerschmidt;https://www.youtube.com/watch?v=GdbEH5XP2ic
halbschriftliches Subtrahieren | Mathematik | Lehrerschmidt;https://www.youtube.com/watch?v=-vVNtpo-kHM
halbschriftliches Addieren - Mathematik | Lehrerschmidt;https://www.youtube.com/watch?v=BCr1O2vDDLg
Kopfrechnen - Like a Boss! | Lehrerschmidt;https://www.youtube.com/watch?v=uVg8-k6oMXw
Doing percentage calculations in your head? - No problem with this #trick !!! | Lehrerschmidt;https://www.youtube.com/watch?v=5JxSA8wTDBQ
Calculating scale - Converting scales | 1:50,000 / 1:20,000 - explained simply | Lehrerschmidt;https://www.youtube.com/watch?v=GisW8YDnD4s
Composite surfaces | Geometry - Mathematics - Tutoring - simply explained | Lehrerschmidt;https://www.youtube.com/watch?v=Z6yPISR2_Kk
11-trick - What your math teacher didn't show you in school! | Lehrerschmidt;https://www.youtube.com/watch?v=s3BnPtvGKPE
Divisibility rules - When is a number divisible by another number? | Lehrerschmidt;https://www.youtube.com/watch?v=COe6sDmcFEo
Written division with decimal numbers | Mathematics - quick tutoring | Lehrerschmidt;https://www.youtube.com/watch?v=HmAu8ZEBC2w
Schriftliches Dividieren | Mathematik einfach erklärt | Lehrerschmidt;https://www.youtube.com/watch?v=x-F3K2pvgb0
Dividieren mit Nullen - Mathematik | Lehrerschmidt;https://www.youtube.com/watch?v=hABWbImYlV8
Multiplying by zeros | Mathematics | Lehrerschmidt;https://www.youtube.com/watch?v=2CMhg0AqLgc
"""Generation hilflos"" - mit 25 Jahren noch bei Mama wohnen... #Diskussion | Lehrerschmidt";https://www.youtube.com/watch?v=U50rmmRMbiY
Semi-written division - Mathematics - explained simply | Lehrerschmidt;https://www.youtube.com/watch?v=9ap5ypzQxFk
Written division with remainder - version for parents only (check with teacher) | Lehrerschmidt;https://www.youtube.com/watch?v=REpM8yMsB3o
lineare Funktion - Wertetabelle mit dem Taschenrechner - ganz einfach erklärt | Lehrerschmidt;https://www.youtube.com/watch?v=fHmVAxP-i5Q
Constant function with table of values ​​- linear function | Mathematics explained simply | Lehre...;https://www.youtube.com/watch?v=lS9QLrZkWLY
Parabolas - quadratic functions - displacements - simply explained | Lehrerschmidt;https://www.youtube.com/watch?v=sYfZbyrGXMY
Parabola - quadratic function | Stretching and compression - simply explained | Lehrerschmidt;https://www.youtube.com/watch?v=HbcBQ_qNt_c
RC Scaler @ Modellbaumesse in Lingen 2019;https://www.youtube.com/watch?v=SY3CkHuzmT0
100K-Special: Beauty, Fashion, Lifestyle, Realtalk & Lehrerin Schmidt;https://www.youtube.com/watch?v=t_-hF_zXzfs
100,000 subscriptions - Thank you to go! #Announcement Livestream & Special - Sunday 7 p.m.;https://www.youtube.com/watch?v=fXtwVQpesZM
Normal parabola y=x² with table of values ​​| Parabola | Quadratic function | Lehrerschmidt;https://www.youtube.com/watch?v=rDEAtMUWiV4
Create a boxplot | Step by step - easily explained | Lehrerschmidt;https://www.youtube.com/watch?v=ttz7Oo-7NhA
Calculating side length from area (rectangle & triangle) Mathematics | Teacher Schmidt;https://www.youtube.com/watch?v=XypGwxtL71I
Calculating interest rates - three sample exercises | Interest calculation - simply explained | L...;https://www.youtube.com/watch?v=U6XORZsDW30
Calculating interest days - three example exercises | Interest calculation - mathematics explaine...;https://www.youtube.com/watch?v=0PCIVqATvQc
Calculating capital - three sample exercises | Interest calculation - simply explained | Lehrersc...;https://www.youtube.com/watch?v=9JCP0Sss1S0
Calculating interest - three sample exercises | Interest calculation - explained very simply | Le...;https://www.youtube.com/watch?v=og_HzcjP5lE
Make money with YouTube! This is how it really works! #7 Editing, Uploading, Thumbs, Distribution;https://www.youtube.com/watch?v=xKH_HL-bciM
"Finland abolishes school subjects! That's how school works! ...and we have ""Lovls"" | Lehrerschmidt";https://www.youtube.com/watch?v=WKguwmu-INg
Linear function - create a table of values | Mathematics - explained simply | Lehrerschmidt;https://www.youtube.com/watch?v=dLfPBJgHgC4
Private schools - More and more children are leaving the public school system | Lehrerschmidt;https://www.youtube.com/watch?v=HBmdP5pPDPU
Make money with YouTube! This is how it really works! #6 Taxes, tax office;https://www.youtube.com/watch?v=QXygpIQrK90
How to make money with YouTube! This is how it really works! #5 Watchtime, Likes & Haters;https://www.youtube.com/watch?v=xd-9hlahcQQ
Geld verdienen mit YouTube! So geht das wirklich!  #3 Upload, Titel, Keywords;https://www.youtube.com/watch?v=UeZah4Pqw9I
Geld verdienen mit YouTube! So geht das wirklich! #2 Technik & Software;https://www.youtube.com/watch?v=uDpTaKBK3dg
Make money with YouTube! This is how it really works! #1 Preparation;https://www.youtube.com/watch?v=K5hqkPiLdwo
Coordinate system with a negative range | Plotting P (x|y) - explained simply | Lehrerschmidt;https://www.youtube.com/watch?v=fxyZhe8bVyI
Coordinate system - plotting a point (x|y) | Mathematics - explained simply | Teacher Schmidt;https://www.youtube.com/watch?v=LcImU4dohqs
Speed ​​cameras - a nasty new method | Rip-off or road safety? | Lehrerschmidt;https://www.youtube.com/watch?v=8tnkn-KyVlo
White Christmas - happy holidays - homework! | Lehrerschmidt;https://www.youtube.com/watch?v=fMgwtXEGhj8
You MINUS PEOPLE! - A video just for my HATERS! *Merry Christmas* | Lehrerschmidt;https://www.youtube.com/watch?v=mLOYroEp7tE
OKAY, THAT'S IT!............................Year in Review with #TeamSchmidt;https://www.youtube.com/watch?v=UuC_dYANbvg
Why being smart isn't always clever! A beautiful story... | Lehrerschmidt;https://www.youtube.com/watch?v=ibyMXHY6bYw
Gretchenfrage - Was ist das? | GOETHE - Allgemeinwissen | Lehrerschmidt;https://www.youtube.com/watch?v=w6F_AFe8g_A
RC Crawler - RC4WD im Schnee - drei Trail Finder II im Wald;https://www.youtube.com/watch?v=KBuFI1U3gU4
Simplifying fractions - LIKE A BOSS! ...or is it all just FAKE? | It's your turn! | Lehrerschmidt;https://www.youtube.com/watch?v=PCwQxk1nM7k
Gifted - Help! My child is gifted! (and bad at school!) | Lehrerschmidt;https://www.youtube.com/watch?v=GRxGhAPIO0Y
Square - Calculate side length from area | Mathematics - simply explained | Lehrerschmidt;https://www.youtube.com/watch?v=HM_SYwjQHJE
Lehrerraumprinzip in der Schule? Büros für Lehrer? BYOD?  Was macht Sinn? #Diskussion;https://www.youtube.com/watch?v=a1FKUeT-quE
Create a bar chart | Charts & data - explained simply | Lehrerschmidt;https://www.youtube.com/watch?v=LnUehyWvLWM
Nikolaus - 6. Dezember - Was man wissen muss! | Lehrerschmidt;https://www.youtube.com/watch?v=cy5c1PlfK0M
Cube - Calculate edge length from volume | Mathematics - simply explained | Lehrerschmidt;https://www.youtube.com/watch?v=3Z90qbEXTK8
Cube - Calculating surface area and volume | Mathematics explained simply | Teacher Schmidt;https://www.youtube.com/watch?v=h6TZxluWfQ8
Helikopter-Eltern  - Mama, lass das sein!!  (Hubschrauber-Eltern) | Lehrerschmidt;https://www.youtube.com/watch?v=VgGTrz1fd2o
All teachers in sweatpants! Confusion among students! #Discussion;https://www.youtube.com/watch?v=CmXfuNEqSiY
Schreip wi du schprichst - Generation Rechtschreibversager!  *Diskussion* | Lehrerschmidt;https://www.youtube.com/watch?v=DitFyODipg4
Designer babies are here! Evolution or madness? | Lehrerschmidt;https://www.youtube.com/watch?v=0ZC5s4U7vBA
Plotting a linear function – it's that easy! | Lehrerschmidt;https://www.youtube.com/watch?v=TUxJE79ntNI
Calculating the intersection point - linear and mixed quadratic equations | Lehrerschmidt;https://www.youtube.com/watch?v=T7wnzYyfc1o
Parent-teacher conferences - Let's make a deal! (That's what it's like for teachers) | Lehrerschmidt;https://www.youtube.com/watch?v=esP3UjDoYE0
Binärsystem  - Dualsystem  - ganz einfach erklärt (+ typische Aufgaben in der Mathearbeit);https://www.youtube.com/watch?v=I3-cmqbVF0Y
Ehrenmann - Youth Word of the Year 2018 with TEST !!! | Lehrerschmidt;https://www.youtube.com/watch?v=hg2I3ahTcQE
School Career Recommendation - A Video for Parents of Grades 4 (HS, RS, or GY) | Lehrerschmidt;https://www.youtube.com/watch?v=RbRUH4G7cOw
Mom mustn't find out! (§1619 BGB - Children must help with household chores) | Lehrerschmidt;https://www.youtube.com/watch?v=JNbWqk7V8M8
Constructing (drawing) angles WITHOUT a set square & protractor | Geometry | Lehrerschmidt;https://www.youtube.com/watch?v=oiwQ17naQmM
Way-home phone number - Everyone should save this number! | Lehrerschmidt;https://www.youtube.com/watch?v=BPay1VwI7Vk
Set square - it's that simple! | Mathematics explained simply | Lehrerschmidt;https://www.youtube.com/watch?v=CbUhMWU0ua8
80,000 SPECIAL ...Everything used to be better! ..... OH WAIT ..... | Lehrerschmidt;https://www.youtube.com/watch?v=CtKoWBSOJTs
Exponential notation - writing and reading very large and very small numbers | Lehrerschmidt;https://www.youtube.com/watch?v=puAWfbEPpvg
Quadrilaterals - an overview | Geometry - explained simply | Lehrerschmidt;https://www.youtube.com/watch?v=PDa6UaZOHmY
Terms - Resolving brackets | explained simply | Lehrerschmidt;https://www.youtube.com/watch?v=6GhDobXf82c
Prime factorization | Fractions – explained simply | Lehrerschmidt;https://www.youtube.com/watch?v=dcnkwELyugg
Written addition without transition to tens | Mathematics | Lehrerschmidt;https://www.youtube.com/watch?v=DMgFUx9QEZE
Constructing a center triangle | Geometry - explained simply | Lehrerschmidt;https://www.youtube.com/watch?v=Q9nQhewy9wc
Measuring and drawing angles | Geometry - explained simply | Lehrerschmidt;https://www.youtube.com/watch?v=oyNTHEEs-Ko
Constructing perpendiculars with and without a set square | Geometry - simply explained | Lehrers...;https://www.youtube.com/watch?v=8NuPZRxE1jo
Segment, line, half-line, and ray | Geometry - explained simply | Lehrerschmidt;https://www.youtube.com/watch?v=T30JMaVd2w4
parallel and perpendicular | Mathematics - explained simply | Lehrerschmidt;https://www.youtube.com/watch?v=34QpZUi54UU
Constructing a median | Geometry - explained simply | Lehrerschmidt;https://www.youtube.com/watch?v=90rTwmpZIkU
Converting fractions to percentages | Fractions | Lehrerschmidt - simply explained!;https://www.youtube.com/watch?v=FbSG_MwL760
Subtracting fractions (minus) - Fraction arithmetic - explained simply | Lehrerschmidt;https://www.youtube.com/watch?v=jEf5uTjcjZE
semi-written division | mathematics | Lehrerschmidt;https://www.youtube.com/watch?v=UWPhQtxrPpc
Converting a mixed number to a fraction | Fraction arithmetic - explained simply | Teacher Schmidt;https://www.youtube.com/watch?v=kULt-GmYRe0
pq formula - solving quadratic equations | Lehrerschmidt;https://www.youtube.com/watch?v=jtVc2G3dNCk
lineare Funktion ( Graph) ablesen - ganz einfach erklärt | Lehrerschmidt;https://www.youtube.com/watch?v=vqhGi4G4zVA
Vieta's theorem - quadratic equations - explained simply | Lehrerschmidt;https://www.youtube.com/watch?v=kJY93AiBMvY
Subtracting decimals | Subtracting decimal numbers - simply explained | Lehrerschmidt;https://www.youtube.com/watch?v=hB-iJNC17M0
Adding decimals | Adding decimal numbers - simply explained | Lehrerschmidt;https://www.youtube.com/watch?v=FZJ6kX1JqEk
Terms with fractions - explained simply | Lehrerschmidt;https://www.youtube.com/watch?v=uKZur4JsVfs
Terms - Distributive Law - Resolving Brackets - Simply Explained | Lehrerschmidt;https://www.youtube.com/watch?v=Mu3WdWgXJpg
1. Binomial formula - YOU'LL NEVER FORGET IT AGAIN!! | Lehrerschmidt;https://www.youtube.com/watch?v=rwCD1un30v4
Greatest common divisor | GCD | Fractions – explained simply | Lehrerschmidt;https://www.youtube.com/watch?v=kegNhNMInGQ
LCM - lowest common multiple | Fractions - explained simply | Lehrerschmidt;https://www.youtube.com/watch?v=B13_9MC-7uA
Terms - Factoring Out | Simply Explained | Lehrerschmidt;https://www.youtube.com/watch?v=A9_V_-xASLY
Factoring terms | explained simply | Lehrerschmidt;https://www.youtube.com/watch?v=arB3Wkmvt4g
3. Binomial formula - simply explained with examples! | Lehrerschmidt;https://www.youtube.com/watch?v=6ySWeEhTOt4
2. Binomial formula - simply explained with examples! | Lehrerschmidt;https://www.youtube.com/watch?v=P9Moh6nUSI8
1.binomische Formel - ganz einfach erklärt mit Beispielen! | Lehrerschmidt;https://www.youtube.com/watch?v=tArElYJ3j8k
Proportional allocation | simply explained | Lehrerschmidt;https://www.youtube.com/watch?v=sm0WE8Pk0Co
Antiproportional allocation | simply explained | Lehrerschmidt;https://www.youtube.com/watch?v=xvK-vfqkB18
km - m - dm - cm - mm | Units of measurement - converting lengths - explained simply | Lehrerschmidt;https://www.youtube.com/watch?v=DYsmOS-RRA8
This is how you learn properly! The BEST LEARNING METHOD! *successful learning* | Lehrerschmidt;https://www.youtube.com/watch?v=iqJkHT-qIJc
Terms - Commutative law - Associative law - Distributive law (an overview) | Lehrerschmidt;https://www.youtube.com/watch?v=REX1xHo9CN4
Commutative law - Commutative law | Terms and equations - simply explained | Lehrerschmidt;https://www.youtube.com/watch?v=EPTOMisUr48
70K-special: Eure Fragen - FAQ für #Teamschmidt | Lehrerschmidt;https://www.youtube.com/watch?v=-rzMoIgjzjk
Simplifying terms - explained simply | Lehrerschmidt;https://www.youtube.com/watch?v=F8UDB8ExLVc
Multiplying decimals | Multiplying decimal numbers - simply explained | Lehrerschmidt;https://www.youtube.com/watch?v=2QfdWJMQpUU
Dividing 2 decimals | Dividing a decimal number by a decimal number - here's how! | Lehrerschmidt;https://www.youtube.com/watch?v=CjcwkeOPuOQ
70,000 subscribers... that's quite a number! #Special INC | Lehrerschmidt;https://www.youtube.com/watch?v=9bLX-mCsPWs
Dividing a decimal fraction | Dividing a decimal number - simply explained | Lehrerschmidt;https://www.youtube.com/watch?v=4IosoF-ldMs
Rounding decimal places | Tenths, hundredths, thousandths – explained simply | Lehrerschmidt;https://www.youtube.com/watch?v=QTQdAer2YnY
Written division with decimal numbers | Mathematics | Lehrerschmidt;https://www.youtube.com/watch?v=7yinelbpgws
Dividing fractions | Fractions explained simply | Lehrerschmidt;https://www.youtube.com/watch?v=TbPB1Z428vU
Brüche erweitern & Brüche kürzen | Bruchrechnung - ganz einfach erklärt | Lehrerschmidt;https://www.youtube.com/watch?v=GpTK8NbM_m0
Proper & improper fractions | Fractions - Basics explained simply | Lehrerschmidt;https://www.youtube.com/watch?v=l2pCU8BkCQU
Fractions - Introduction - What is a fraction? Simply explained | Lehrerschmidt;https://www.youtube.com/watch?v=Eoy47UAac3o
Place value table - E Z H T ...| Reading and writing large numbers | Lehrerschmidt;https://www.youtube.com/watch?v=KxAdX5eGnYI
Written subtraction using the subtraction method | Mathematics | Lehrerschmidt;https://www.youtube.com/watch?v=AekVQrM6JLQ
Multiplying fractions - fraction calculation - simply explained | Lehrerschmidt;https://www.youtube.com/watch?v=OuncwqLqdSU
Adding fractions - fraction calculation | Lehrerschmidt - simply explained!;https://www.youtube.com/watch?v=nrzpRozQnM4
Brüche vergleichen | größer oder kleiner | Bruchrechnung einfach erklärt | Lehrerschmidt;https://www.youtube.com/watch?v=5o9bf4G8SkI
Converting a decimal number into a fraction | Fraction arithmetic explained simply | Lehrerschmidt;https://www.youtube.com/watch?v=9x21-I_JEsk
Showing a fraction on a number line - Mathematics explained simply | Lehrerschmidt;https://www.youtube.com/watch?v=A-beDBN-jCg
Converting a fraction to a decimal number – it's that easy! | Lehrerschmidt;https://www.youtube.com/watch?v=jimlv04pCPg
schriftliches Multiplizieren mit Kommazahlen | Mathematik | Lehrerschmidt;https://www.youtube.com/watch?v=v3A9NbeenXw
A teacher's 5 lies! But this must remain between us! | Lehrerschmidt;https://www.youtube.com/watch?v=np98h7Gyfjg
written multiplication | mathematics | Lehrerschmidt;https://www.youtube.com/watch?v=PjYZbvLUV20
Math hack: Indian multiplication *simply cool* | Lehrerschmidt;https://www.youtube.com/watch?v=OgmJxLSV5yg
written division (divided) | Mathematics | Lehrerschmidt;https://www.youtube.com/watch?v=6DIWoxdH75E
Parallel circuit - structure & explanation | Physics - simply explained | Lehrerschmidt;https://www.youtube.com/watch?v=W2qSxl00D4g
Prism - Calculate surface area and volume (triangular prism) | Lehrerschmidt - simply explained!;https://www.youtube.com/watch?v=lDA9rW32nko
"Multiplying fractions (with reduction) - ""smart"" method - saves time | Lehrerschmidt";https://www.youtube.com/watch?v=LA3VrJBGyNE
Youth Word of 2018: Glucose-laden gentleman with Screenitus on the rant! lmgtfy | Lehrerschmidt;https://www.youtube.com/watch?v=_rQHpUd_gLQ
Multiplying fractions with mixed numbers | Mathematics - Fractions | Lehrerschmidt;https://www.youtube.com/watch?v=FYAB-IVdJxc
EU survey: 80% in favor of abolishing daylight saving time! And now? | Lehrerschmidt;https://www.youtube.com/watch?v=rkzLBZrzQGA
Two-way circuit - structure & explanation | Physics - simply explained | Lehrerschmidt;https://www.youtube.com/watch?v=aUkY7vfQNrs
AND circuit - structure & explanation | Physics - simply explained | Lehrerschmidt;https://www.youtube.com/watch?v=79WVEr2BVZI
OR circuit - structure & explanation | Physics - simply explained | Lehrerschmidt;https://www.youtube.com/watch?v=UNkXbvSN9w8
Series circuit - structure & explanation | Physics - simply explained | Lehrerschmidt;https://www.youtube.com/watch?v=LTvsJ-r8qfk
Written division with remainder | Mathematics | Lehrerschmidt;https://www.youtube.com/watch?v=7ax0-e3xw_I
Simple electrical circuit - with & without switch | Physics - simply explained | Lehrerschmidt;https://www.youtube.com/watch?v=uJ8_wXIP5Ss
Gaming PC - Electricity costs per hour - measured! Exact numbers! | Lehrerschmidt;https://www.youtube.com/watch?v=tMhgMYiqhcg
Macbook laden - Wie hoch sind die Stromkosten für einen Ladevorgang? | Lehrerschmidt;https://www.youtube.com/watch?v=YxSGkWhPAB0
Circuit symbols - an overview | Physics - simply explained | Lehrerschmidt;https://www.youtube.com/watch?v=reetTIL_jGU
Free fonts! YouTube tips (Google Fonts) | Lehrerschmidt;https://www.youtube.com/watch?v=nlR2QrJVL7k
Square root & cube root | Mathematics - simply explained | Lehrerschmidt;https://www.youtube.com/watch?v=1_ItsfDfc_M
Set theory | Subset, intersection, difference set, union | Lehrerschmidt;https://www.youtube.com/watch?v=bSkqVQLzX2w
60,000 subscribers - Thank you! | Lehrerschmidt;https://www.youtube.com/watch?v=mKHh8GINvFQ
Einmaleins (1x1) lernen! Schnell, dauerhaft & zuverlässig! | Lehrerschmidt;https://www.youtube.com/watch?v=Qp19engiXLg
Fan - electricity costs per hour - measured with the meter! | Lehrerschmidt;https://www.youtube.com/watch?v=NNzxEXG3hAU
Fibonacci Sequence | Mathematics, Philosophy & Nature [World Formula?] | Lehrerschmidt;https://www.youtube.com/watch?v=uYNcUzMSpZI
Lunar eclipse and blood moon | great shots from July 27, 2018 | Lehrerschmidt;https://www.youtube.com/watch?v=K8LzW83h_Ko
Doppler Effect - Why the siren sounds like that | Physics - simply explained | Lehrerschmidt;https://www.youtube.com/watch?v=0GKZmGNlyXY
Gaming PC - How much does it cost to run on electricity per hour? | Lehrerschmidt;https://www.youtube.com/watch?v=X3xBITN2QCs
Ventilator - Stromkosten pro Stunde! Wie teuer ist das eigentlich? | Lehrerschmidt;https://www.youtube.com/watch?v=cn5NKItU1r0
Charging your smartphone – How much does it actually cost? Here's what you should know! | Lehrers...;https://www.youtube.com/watch?v=7umpeY9HXVs
Taking square roots in writing without a calculator | Mathematics - simply explained | Lehrerschmidt;https://www.youtube.com/watch?v=gBei5FlwhhI
Prefixes of units: deci, centi, milli, micro, nano, pico, kilo, mega, giga, tera;https://www.youtube.com/watch?v=77b1Dh_PbVM
Non-decimal units of measurement: in, ft, yd, sm, RT, oz, lb, qr | Lehrerschmidt;https://www.youtube.com/watch?v=LCpKX2WKDKg
Adding and subtracting powers | Mathematics - simply explained. | Lehrerschmidt;https://www.youtube.com/watch?v=Q9v33TaodlU
Punishment!! My favorite punishment for my students | Lehrerschmidt;https://www.youtube.com/watch?v=3IrWQJLYanQ
The Secret of Cotton Swabs! *with Proof* | Lehrerschmidt;https://www.youtube.com/watch?v=8yoBrDBxO30
Increased base value | Percentage calculation - simply explained | Lehrerschmidt;https://www.youtube.com/watch?v=5xcdM9vd0yI
Gradient in road traffic - converting percent to degrees | Lehrerschmidt;https://www.youtube.com/watch?v=UJsuyAWQHzc
Increased base value | Percentage calculation - simply explained | Lehrerschmidt;https://www.youtube.com/watch?v=fDW-Oa7WkqU
Kräftegleichgewicht | Mechanik - Physik - einfach erklärt | Lehrerschmidt;https://www.youtube.com/watch?v=O0Bop10o1kY
Stopping distance = reaction distance + braking distance & emergency braking | Physics - simply e...;https://www.youtube.com/watch?v=6Xy65-rO8ao
Convert hp to kW | Horsepower to kilowatts | Physics - simply explained | Lehrerschmidt;https://www.youtube.com/watch?v=qbNkMQVawzQ
Golden Rule of Mechanics | Physics – simply explained - Lehrerschmidt;https://www.youtube.com/watch?v=FpukUUNwnbE
Report card conference - What do teachers actually discuss there? | Lehrerschmidt;https://www.youtube.com/watch?v=oPnP0_FgDts
Draw a force parallelogram | Physics - simply explained | Lehrerschmidt;https://www.youtube.com/watch?v=-huc7Gz-Q0Y
Calculating density - physics explained simply (formula & examples) | Lehrerschmidt;https://www.youtube.com/watch?v=N2u8Syb-CIk
Calculating density | Physics - simply explained | Lehrerschmidt;https://www.youtube.com/watch?v=bLI9nt-XrzA
F = m * a | Force = Mass * Acceleration | Physics - Mechanics - simply explained | Lehrerschmidt;https://www.youtube.com/watch?v=Jh__xKp-qlc
Newton's Laws (3 Axioms) | F = m*a | Physics - simply explained | Lehrerschmidt;https://www.youtube.com/watch?v=DvSDxostejM
Force - Composition of Forces | Physics - Mechanics | Lehrerschmidt;https://www.youtube.com/watch?v=N567gZlGfZU
"Tactical absence - ""exam sickness"" - absence from exams | Lehrerschmidt";https://www.youtube.com/watch?v=kAYEag4u5HI
Convert km/h to m/s | Physics - Mechanics | Simply explained | Lehrerschmidt;https://www.youtube.com/watch?v=ABfjpgI9O9M
Calculate compound interest with formula | Interest calculation | Calculate compound years | Lehr...;https://www.youtube.com/watch?v=M2MS-0PWIdg
Calculate compound interest without a formula (long way) | Calculate compound years | Interest ca...;https://www.youtube.com/watch?v=AwqLs6LXrvk
Calculate capital - Convert the interest formula | Interest calculation | Lehrerschmidt;https://www.youtube.com/watch?v=nOr7IU09qcU
How much does a teacher earn? - honest numbers! | Lehrerschmidt - simply explained!;https://www.youtube.com/watch?v=_JJmBcP0fiI
Agio & Disagio | Percentage Calculation simply explained | Leherschmidt;https://www.youtube.com/watch?v=hzQjAevxZSM
Interest days, interest months - Calculate the period - Convert the interest formula | Interest c...;https://www.youtube.com/watch?v=14ohXxXGXbM
Repeating a year - a blue letter!! What can I (still) do? | Lehrerschmidt;https://www.youtube.com/watch?v=CCYMqRiJos4
3 life hacks against the heat - How to make the attic better :-) | Lehrerschmidt;https://www.youtube.com/watch?v=Z8JRyrorgmI
Hi and welcome to Lehrerschmidt!;https://www.youtube.com/watch?v=gxAbl1hNl8s
Calculating interest rates - Interest and interest calculations - Rearranging formulas | Lehrersc...;https://www.youtube.com/watch?v=eoXVTrQofHo
Class trip as a teacher – stress, tension, joy, and fun! | Lehrerschmidt;https://www.youtube.com/watch?v=bp2sx3xhSm8
Interest & Interest Calculations | Mathematics – explained simply – really easy! | Lehrerschmidt;https://www.youtube.com/watch?v=Yme_T-O_s2w
Power (P=W/t) What is it? | Physics - Mechanics - simply explained | Lehrerschmidt;https://www.youtube.com/watch?v=sMqjKEnFoAs
Work (W=F*s) | What is it? | Physics - Mechanics - simply explained | Lehrerschmidt;https://www.youtube.com/watch?v=RNZRxwBDk0k
Lifting work (W=F*h) What is it? | Physics - Mechanics - simply explained | Lehrerschmidt;https://www.youtube.com/watch?v=N00KTNLAMk8
Loose roll | Physics - Mechanics - simply explained | Lehrerschmidt;https://www.youtube.com/watch?v=ERNkFfcrkJc
Pulley Block - Physics Simply Explained! | Lehrerschmidt;https://www.youtube.com/watch?v=nm7_k6Lf6OE
Lever law - one-sided and two-sided lever | Physics - simply explained | Lehrerschmidt;https://www.youtube.com/watch?v=PVi6zUYy7R8
What is force? | Introduction to mechanics - physics - simply explained | Lehrerschmidt;https://www.youtube.com/watch?v=axTUc2MvcKI
Lehrerschmidt @Your Mirror | Lehrerschmidt;https://www.youtube.com/watch?v=uDv_YxZcI2k
Percentage calculations with the TI-30 calculator - Texas Instruments | Lehrerschmidt;https://www.youtube.com/watch?v=VyDNdcrP7GI
Hooke's Law | Physics - Mechanics - simply explained | Lehrerschmidt;https://www.youtube.com/watch?v=di666OMa-v0
Deflection pulley (fixed pulley) | Physics - Mechanics - simply explained | Lehrerschmidt;https://www.youtube.com/watch?v=d8USfzltP78
Helicopter parents - When children grow up without responsibility! | Lehrerschmidt;https://www.youtube.com/watch?v=TSE-HAtDRvY
Thales' Theorem | Mathematics - simply explained | Lehrerschmidt;https://www.youtube.com/watch?v=dsAiVuii80M
What is a Newton? What is 1N? | Physics - simply explained | Lehrerschmidt;https://www.youtube.com/watch?v=BboSUnWoIYg
You can't freeze bread! [You should know this!] | Lehrerschmidt;https://www.youtube.com/watch?v=DR66H9MAKeM
How does a teacher prepare a lesson? KC, work plan, U-unit and lesson | Lehrerschmidt;https://www.youtube.com/watch?v=Pv1YiESLKVY
50,000 subscription special! #ThankYou #bestcrew #teamschmidt | Lehrerschmidt;https://www.youtube.com/watch?v=vofM_ZKcTKw
Tangent (tan) - Trigonometry | Mathematics - simply explained | Lehrerschmidt;https://www.youtube.com/watch?v=57eiMCrtvpU
Cosine (cos) - Trigonometry | Mathematics - simply explained | Lehrerschmidt;https://www.youtube.com/watch?v=MtJjIyUVR4c
Fractional terms | Terms and equations | Mathematics - simply explained | Lehrerschmidt;https://www.youtube.com/watch?v=UIHUhlhyevI
How do you actually become a teacher? - Abitur - University studies - Internship | Lehrerschmidt;https://www.youtube.com/watch?v=a6rDgIQS-QY
Double fractions - What are they? | Mathematics - simply explained | Lehrerschmidt;https://www.youtube.com/watch?v=Yiuutg0RQZw
Schön, dass ihr da seid! Herzlich willkommen an alle (neuen) Abonnenten! | Lehrerschmidt;https://www.youtube.com/watch?v=Nb47xykQ6r0
Fraction calculations with the fx-82DE (Casio) calculator | Lehrerschmidt;https://www.youtube.com/watch?v=qV6KIDLvYJM
Fractions with the TI-30 (Texas) calculator | Lehrerschmidt;https://www.youtube.com/watch?v=8TP4e-BKfpw
Inversely proportional assignment | Mathematics - simply explained | Lehrerschmidt;https://www.youtube.com/watch?v=ISGhREON0T4
AHA exercises | Mathematics - simply explained | Lehrerschmidt;https://www.youtube.com/watch?v=raE6hmxocEE
Cylinder - Calculate Volume | Mathematics - Simply Explained | Lehrerschmidt;https://www.youtube.com/watch?v=JmTtpD7Q8jo
Magic square | Can you find the solutions? | Lehrerschmidt;https://www.youtube.com/watch?v=EZyOY_xRea4
Ranking - an example with two dice | Data and chance | Mathematics | Lehrerschmidt;https://www.youtube.com/watch?v=2OH65YM7cnc
Calculating the number of possibilities | Data and chance | Mathematics | Lehrerschmidt;https://www.youtube.com/watch?v=GpioDtIFtN4
Sine, cosine, tangent - all formulas | Trigonometry - simply explained | Lehrerschmidt;https://www.youtube.com/watch?v=0qxNk-ZcW-8
Sine - Trigonometry | Mathematics - simply explained | Lehrerschmidt;https://www.youtube.com/watch?v=BJw_pdbEspg
Distance-time diagram | create and evaluate | Mathematics - simply explained | Lehrerschmidt;https://www.youtube.com/watch?v=ttHCd4TamhE
Original list, tally chart, and frequency table | Data and chance | Mathematics | Lehrerschmidt;https://www.youtube.com/watch?v=notqFpwVAts
Hypotenuse, adjacent side, opposite side | Trigonometry - simply explained | Lehrerschmidt;https://www.youtube.com/watch?v=4Yo-P3XOF_o
Mean | Data and Chance | Mathematics - Simply Explained | Lehrerschmidt;https://www.youtube.com/watch?v=fKyuVnQC7rk
Calculating range | Data and chance | Mathematics explained simply;https://www.youtube.com/watch?v=9iHgm97OiEU
Central value and ranking | Data and chance | Mathematics explained simply | Lehrerschmidt;https://www.youtube.com/watch?v=lsfTl0HcYa8
Converting the interest formula | Interest calculation (KIP formula) | Mathematics - simply expla...;https://www.youtube.com/watch?v=zX7laHASQ5c
Artesian well | Geography - simply explained | Lehrerschmidt;https://www.youtube.com/watch?v=XaOSkcRBQYg
"Ikea Microwave ""Hushalla"" - Setting the Time - Instructions | Lehrerschmidt";https://www.youtube.com/watch?v=R-qw87dy7Sc
Geyser | Warm and cold water geysers | Geography - simply explained | Lehrerschmidt;https://www.youtube.com/watch?v=MW52bALhhoo
Antiproportional assignment | Mathematics - simply explained | Lehrerschmidt;https://www.youtube.com/watch?v=9xVKmBVUGGw
Roman numerals | Mathematics - simply explained | Lehrerschmidt;https://www.youtube.com/watch?v=EVyQr0DwJoE
Sum rule | Probability theory - simply explained | Lehrerschmidt;https://www.youtube.com/watch?v=I5a8_KjHimo
Product rule | Probability theory - simply explained | Lehrerschmidt;https://www.youtube.com/watch?v=fLPxMfgUxVk
Two-stage random experiment | Probability theory - simply explained | Lehrerschmidt;https://www.youtube.com/watch?v=-z3BBJjJPOE
One-stage random experiment | Probability theory - simply explained | Lehrerschmidt;https://www.youtube.com/watch?v=rkLmLaFHodo
relative Häufigkeit | Wahrscheinlichkeitsrechnung - einfach erklärt | Lehrerschmidt;https://www.youtube.com/watch?v=EPlOiYcPGK8
Absolute frequency | Probability theory - simply explained! | Lehrerschmidt;https://www.youtube.com/watch?v=fm8cYob9Wkk
Tree diagram | multi-stage random experiment | probability | stochastics | Lehrerschmidt;https://www.youtube.com/watch?v=mBknBnww5fA
Inversely proportional assignment | Mathematics - simply explained | Lehrerschmidt;https://www.youtube.com/watch?v=UJhMtKPw9Vc
Checksum | Mathematics - simply explained | Lehrerschmidt;https://www.youtube.com/watch?v=hAN4Fjzqax4
Super battery made of water – Is this the invention that will change the world? | Lehrerschmidt;https://www.youtube.com/watch?v=1z4FPYYiIEE
Promotion at risk! How can I still make it? | Lehrerschmidt;https://www.youtube.com/watch?v=gSJTZK5cU5E
Parking Ticket App | Report illegally parked cars and collect €11.50! | Lehrerschmidt;https://www.youtube.com/watch?v=abxu1_lLWG0
Stephen Hawking - The Last Message to Humanity (RIP 14.03.2018) | Lehrerschmidt;https://www.youtube.com/watch?v=5RBz4uVRV4Q
Rounding with a calculator | Casio | Mathematics - simply explained | Lehrerschmidt;https://www.youtube.com/watch?v=133xkV42W_A
Rounding with a calculator | Texas Instruments | simply explained | Lehrerschmidt;https://www.youtube.com/watch?v=PDW6JxfZGQ8
1.Binomische Formel - Das vergisst du nie wieder! | Lehrerschmidt;https://www.youtube.com/watch?v=KBJvqKddzEg
Convert minutes to hours (with a calculator) | Mathematics - simply explained | Lehrerschmidt;https://www.youtube.com/watch?v=R9cQiv4jXzE
Segment, line, half-line, and ray | Mathematics - Geometry - simply explained | Lehrerschmidt;https://www.youtube.com/watch?v=npXZdwLU10k
Convert km/h to m/s | Speed ​​- Convert units of measurement | Lehrerschmidt;https://www.youtube.com/watch?v=53x0FNbb5g8
Calculate speed (km/h only) | Mathematics | Lehrerschmidt - simply explained!;https://www.youtube.com/watch?v=UeSm8SgJf08
School trips and teachers – vacation or stress? | Lehrerschmidt;https://www.youtube.com/watch?v=ZuP4NaKUUt0
Reading a linear function (y=mx+b) from a coordinate system | Mathematics | Lehrerschmidt;https://www.youtube.com/watch?v=3Ifbc736yfY
Mom, I'm going to be a YouTube star! (Dear parents, don't panic!!) | Lehrerschmidt;https://www.youtube.com/watch?v=uhwbw2HdCfA
Convert units of measurement | Time units: y, m, d, h, min, s | Lehrerschmidt;https://www.youtube.com/watch?v=wDnvjW-sDLc
Convert units of measurement | Weight | t, kg, g, mg (convert masses) | Lehrerschmidt;https://www.youtube.com/watch?v=fxD5937olmU
40,000 subscribers - Great to have you here! #bestcrew!! | Lehrerschmidt;https://www.youtube.com/watch?v=zbaYrP4DP84
Converting units of measurement | Room dimensions | m³, dm³, cm³, mm³ and liters | Lehrerschmidt ...;https://www.youtube.com/watch?v=NItq_I7Yz9M
Convert units of measurement - Area measurements - km², ha, a, m², dm², cm², mm² | Lehrerschmidt;https://www.youtube.com/watch?v=bEgBxIdZZLs
Calculating density – simply explained – three examples! | Mathematics & Physics | Lehrerschmidt;https://www.youtube.com/watch?v=2QXZPaJCfDA
Convert units of measurement - Lengths - Distance - Length measurements - km, m, dm, cm, mm | Leh...;https://www.youtube.com/watch?v=iRh4wA6TVy4
Rough calculation (estimation) | Mathematics - simply explained | Lehrerschmidt;https://www.youtube.com/watch?v=226hdyYW7sg
Convert units of measurement (km, m, dm, cm, mm | Mathematics | Lehrerschmidt - simply explained!;https://www.youtube.com/watch?v=-493P7bOZW4
Percentage calculation - Calculating percentages with a formula / using the rule of three | Lehre...;https://www.youtube.com/watch?v=fvzgrNy9S0Q
Prozentrechnung - Grundwert berechnen - mit Formel / mit Dreisatz | Lehrerschmidt;https://www.youtube.com/watch?v=crxxwdBxOW0
Place value table (1H 1Z 1E) | Mathematics - simply explained | Lehrerschmidt | Lehrerschmidt;https://www.youtube.com/watch?v=sEh0z1F2JQQ
Multiplying in Japanese! You don't learn that in German schools! | Lehrerschmidt;https://www.youtube.com/watch?v=rnjgS0-vXFs
Calculating word problems - Mathematics - simply explained | Lehrerschmidt;https://www.youtube.com/watch?v=x3PsPgt_bvs
Calculating percentages - Mathematics - simply explained | Lehrerschmidt;https://www.youtube.com/watch?v=qOcGFl-4LQY
Laws of arithmetic: commutative law, associative law & distributive law | Lehrerschmidt;https://www.youtube.com/watch?v=HFdZrZKxKl0
Mathematics - Basic Concepts - What You Should Know! | Lehrerschmidt;https://www.youtube.com/watch?v=EVeV5z4a8Gw
Indisches Multiplizieren - Das lernst du nicht an deutschen Schulen! | Lehrerschmidt;https://www.youtube.com/watch?v=vi-9U4dfK1k
Addition methods for linear systems of equations - three example exercises | Lehrerschmidt;https://www.youtube.com/watch?v=QTPjsXUddKM
"Programming as a school subject? Has the time come? A new ""language""? | Lehrerschmidt";https://www.youtube.com/watch?v=O3LyP8fKC0s
Equating method - two examples (calculating the intersection of two lines) | Lehrerschmidt;https://www.youtube.com/watch?v=nSDOnIlQEjE
"""Repeating a year"" - Sense, Nonsense, and an Interesting Alternative! #Discussion | Lehrerschmidt";https://www.youtube.com/watch?v=aRbm320vcsg
Tutoring - When it really makes sense and when it doesn't! | Lehrerschmidt;https://www.youtube.com/watch?v=EVcgT4ke_cY
Sweatpants – you can wear them, they're just stupid! Why, actually? | Lehrerschmidt;https://www.youtube.com/watch?v=Lab4aqnAdBk
Proportionale Zuordnung | Mathematik | Lehrerschmidt - einfach erklärt!;https://www.youtube.com/watch?v=MT3hVo_BfT0
Parallelogram - Calculate Area | Mathematics - Simply Explained | Lehrerschmidt;https://www.youtube.com/watch?v=NpGytqbVsZM
Prism - Calculating Volume (Triangular Prism) | Mathematics - Simply Explained | Teacher Schmidt;https://www.youtube.com/watch?v=6hyX0FlMtRw
Interest calculation - Calculate interest months | Mathematics - simply explained | Lehrerschmidt;https://www.youtube.com/watch?v=1NDmyVFSp4s
y=(x-2)² and y=(x-2)²-2 | graphing quadratic functions | graphing parabolas | mathematics;https://www.youtube.com/watch?v=9jPuMJhEt0o
Percent and per mille - A comparison | Mathematics explained simply! | Lehrerschmidt;https://www.youtube.com/watch?v=vBPVMbhMXVk
Calculating blood alcohol content | Mathematics - simply explained | Lehrerschmidt;https://www.youtube.com/watch?v=udBmsDhYsLc
Square numbers – you have to learn them by heart! | Lehrerschmidt;https://www.youtube.com/watch?v=DdNBWpCOctM
30 000 Abos! Ihr seid die #bestecrew DANKE! | Lehrerschmidt;https://www.youtube.com/watch?v=VwW1ZqfkEqY
Calculate the area of ​​a circular ring | Mathematics - simply explained | Lehrerschmidt;https://www.youtube.com/watch?v=kOyks_5QfNs
Interest calculation - Calculate compound interest (calculation year by year) | Mathematics - sim...;https://www.youtube.com/watch?v=0_CrFc3UdIg
Interest calculation: Calculate compound interest with a formula | Mathematics - simply explained...;https://www.youtube.com/watch?v=vAjIFcLCLAg
Be messy!! Why messiness is good! Stop tidying everything all the time | Lehrerschmidt;https://www.youtube.com/watch?v=qZ0UVZndDvw
Christmas tree burns - Why real candles are so dangerous! (Don't try this on yourself!) | Lehrers...;https://www.youtube.com/watch?v=wT8fm-IsFSw
Interest calculation with interest days (360) | Mathematics - simply explained | Lehrerschmidt;https://www.youtube.com/watch?v=HHSO2nretiw
Interest calculation | Introduction | Interest calculation explained simply with the KIP formula ...;https://www.youtube.com/watch?v=Cjav7NNDIWU
y=-(x²) | graphing quadratic functions | graphing parabolas | mathematics | Lehrerschmidt;https://www.youtube.com/watch?v=RAsS3UK2AmA
RC Scaler -  muddy crawler (Schlamm, Matsch und Wasser) | Lehrerschmidt;https://www.youtube.com/watch?v=yNd0wAgN908
Occam's Razor - Why the simplest solution is usually correct! | Lehrerschmidt;https://www.youtube.com/watch?v=TP5FMRzSc8U
Dude, come on, take a break! New language trend: I bims was yesterday! | Lehrerschmidt;https://www.youtube.com/watch?v=MF57L8zTMg4
y=x²+1 | y=x²-1 - Drawing quadratic equations (parabolas) | Mathematics explained simply;https://www.youtube.com/watch?v=GwadTNc-qEk
y=x² | Normal parabola with table of values | Mathematics explained simply | Lehrerschmidt;https://www.youtube.com/watch?v=Sd8dO_8dIas
Calculating terms with fractions | Mathematics - simply explained | Lehrerschmidt;https://www.youtube.com/watch?v=npTi0y7VFcI
Cuboid - Calculate surface area | Mathematics - simply explained | Lehrerschmidt;https://www.youtube.com/watch?v=G4AsydQwZPE
Cuboid - Calculate Volume | Mathematics - Simply Explained | Lehrerschmidt;https://www.youtube.com/watch?v=xFrFZieub44
Cube - Calculate surface area | Mathematics - simply explained | Lehrerschmidt;https://www.youtube.com/watch?v=t2CwW27O1lw
Cube - Calculate Volume | Mathematics - Simply Explained | Lehrerschmidt;https://www.youtube.com/watch?v=OT0a3HJ71vU
Sphere - Calculate surface area | Mathematics - simply explained | Lehrerschmidt;https://www.youtube.com/watch?v=RBw89-tjQhE
Sphere - Calculate volume | Mathematics - simply explained | Lehrerschmidt;https://www.youtube.com/watch?v=mZKwaKIDZ-k
Cone - Calculate surface area | Geometric bodies | Mathematics - simply explained | Lehrerschmidt;https://www.youtube.com/watch?v=2bTUdVtbsd8
Cone - Calculate volume | Geometric bodies - Mathematics - simply explained | Lehrerschmidt;https://www.youtube.com/watch?v=In0ewtaDpZQ
Drawing an oblique image | Drawing a cube | Mathematics - simply explained | Lehrerschmidt;https://www.youtube.com/watch?v=0eBcgrBB6XU
Drawing a grid | Cubes & cuboids | Mathematics - simply explained | Lehrerschmidt;https://www.youtube.com/watch?v=HO3rE2dgPmA
Car won't start - jump-starting - simply explained | Lehrerschmidt;https://www.youtube.com/watch?v=ptua-IPeJTA
20k Special - UNBELIEVABLE how easy it is..... - or simply THANK YOU! | Lehrerschmidt;https://www.youtube.com/watch?v=C7vhjbePb8M
Predecessors and successors | Mathematics - simply explained | Lehrerschmidt;https://www.youtube.com/watch?v=Xgp_9NpJwPI
Natural numbers & integers | Mathematics - simply explained | Lehrerschmidt;https://www.youtube.com/watch?v=f7d3LsXBGiE
Circle - Calculate circumference | with formula and example | Mathematics - simply explained | Le...;https://www.youtube.com/watch?v=ZazcN6FCC2c
Youtube-Tipps: Geld verdienen mit Youtube | Lehrerschmidt;https://www.youtube.com/watch?v=BCrBEhu1_oU
Beethoven | 9. Sinfonie | An die Freude |  Europahymne  | Lehrerschmidt;https://www.youtube.com/watch?v=L-pkMi7SPlI
Equating methods with drawing | Mathematics - linear functions - simply explained;https://www.youtube.com/watch?v=m-exG_pEFHo
Composite areas - Example 1 | Mathematics - simply explained | Lehrerschmidt;https://www.youtube.com/watch?v=CapPpPztUt4
Pyramid - Calculate side height | Mathematics - simply explained | Lehrerschmidt;https://www.youtube.com/watch?v=-YIBOQF-n3w
YouTube Tips: More Viewers? What Can I Do? | Lehrerschmidt;https://www.youtube.com/watch?v=rD23MqIxOUM
Pyramid - Calculate surface area | Mathematics - simply explained | Lehrerschmidt;https://www.youtube.com/watch?v=kSxeMtSysqA
Pyramid - Calculate Volume | Mathematics - Simply Explained | Lehrerschmidt;https://www.youtube.com/watch?v=bAW92gLFCiQ
Commutative law - simply explained | Mathematics | Lehrerschmidt;https://www.youtube.com/watch?v=8Gdh1ERO5Wo
Properties of geometric bodies | Geometry | Mathematics | Lehrerschmidt;https://www.youtube.com/watch?v=plzMl984VkU
Circle - Calculate area and perimeter | Mathematics - simply explained! | Lehrerschmidt;https://www.youtube.com/watch?v=eASZX0ocAc8
Point test - Does the point lie on the line? | Mathematics - simply explained | Lehrerschmidt;https://www.youtube.com/watch?v=ySnWF-IT8A4
Point test - Is the point on the line? (without drawing) | Mathematics | Lehrerschmidt;https://www.youtube.com/watch?v=latplHtUXlA
Pq formula - Solving quadratic equations (zeros) | Mathematics | Lehrerschmidt;https://www.youtube.com/watch?v=B_PtpvhnNg0
Multiplying with decimal numbers in writing | Mathematics - simply explained | Lehrerschmidt;https://www.youtube.com/watch?v=-wd5Vnxq_bc
Multiplying in writing | Mathematics - simply explained | Lehrerschmidt;https://www.youtube.com/watch?v=JWQp-3SaRus
Prime number - What is it? | Mathematics - simply explained (with nerd knowledge) | Lehrerschmidt;https://www.youtube.com/watch?v=rs7G5srTni4
Parallel circuit - structure and function | Physics - simply explained | Lehrerschmidt;https://www.youtube.com/watch?v=OGKJYj7dD2o
Homework is unfair! Right? #ParentConsultationHours | Lehrerschmidt;https://www.youtube.com/watch?v=Id91T_aAyR4
Homework - useful or unnecessary - #ParentConsultation | Lehrerschmidt;https://www.youtube.com/watch?v=eUyN1-D2H7s
Help, my child isn't doing his homework! #ParentConsultation | Lehrerschmidt;https://www.youtube.com/watch?v=GGe52J-_Dqk
Written division | Mathematics - simply explained | Lehrerschmidt;https://www.youtube.com/watch?v=6iTr_Q5Plfw
Dividing with Decimals | Mathematics - Simply Explained | Lehrerschmidt;https://www.youtube.com/watch?v=jKdOd3RJY7o
Written division with remainder | Mathematics - simply explained | Lehrerschmidt;https://www.youtube.com/watch?v=AWjgc21HKmw
Semi-written division | Mathematics - simply explained | Lehrerschmidt;https://www.youtube.com/watch?v=7Q05o63ce3I
Digital diet? - Rethink your social media usage! | Lehrerschmidt;https://www.youtube.com/watch?v=EsgNTEYipcI
#6 Top Secret Teacher Tricks - What You Don't Learn in School! | Lehrerschmidt;https://www.youtube.com/watch?v=fPzNnpNvIv4
#5 Top Secret Teacher Tricks - What You Don't Learn in School! | Lehrerschmidt;https://www.youtube.com/watch?v=bp8Jjz2IPmM
#4 Top Secret Teacher Tricks - What You Don't Learn in School! | Lehrerschmidt;https://www.youtube.com/watch?v=iPNcL7ksx9U
#3 streng geheime Lehrertricks - Was du in der Schule nicht lernst! | Lehrerschmidt;https://www.youtube.com/watch?v=LTmzvha2Gf0
#2 Top Secret Teacher Tricks - What You Don't Learn in School! | Lehrerschmidt;https://www.youtube.com/watch?v=NcDqPBh7ONk
#1 Top Secret Teacher Tricks - What You Don't Learn in School! | Lehrerschmidt;https://www.youtube.com/watch?v=dpJjTporPLQ
Written subtraction - subtraction method | Mathematics - simply explained | Lehrerschmidt;https://www.youtube.com/watch?v=BA7uve1hb9o
Written subtraction - addition method | Mathematics - simply explained | Lehrerschmidt;https://www.youtube.com/watch?v=EJl9KRkyltg
Written subtraction with decimal numbers | Mathematics - simply explained | Lehrerschmidt;https://www.youtube.com/watch?v=0xEuHbK2adI
Written subtraction with multiple numbers | Mathematics - simply explained | Lehrerschmidt;https://www.youtube.com/watch?v=ZDtZ-WeU3pg
Written subtraction with transition to ten | Mathematics - simply explained | Lehrerschmidt;https://www.youtube.com/watch?v=7Rs3CcVKSpo
schriftliches Subtrahieren ohne Zehnerübergang | Mathematik - einfach erklärt | Lehrerschmidt;https://www.youtube.com/watch?v=_NQELAEsP8k
halbschriftliches Subtrahieren | Mathematik - einfach erklärt | Lehrerschmidt;https://www.youtube.com/watch?v=Lo5c6nmI0zo
halbschriftliches Addieren | Mathematik - einfach erklärt  | Lehrerschmidt;https://www.youtube.com/watch?v=ivI5Lc_Tl5s
Written addition with decimal numbers | Mathematics - simply explained | Lehrerschmidt;https://www.youtube.com/watch?v=oIVm7ucnapE
schriftliches Addieren mit mehreren Zahlen | Mathematik - einfach erklärt  | Lehrerschmidt;https://www.youtube.com/watch?v=TcVMYkDF8BE
Written addition with carrying over | Mathematics - explained simply | Teacher Schmidt;https://www.youtube.com/watch?v=i5t0gKl-bE0
schriftliches Addieren  ohne Zehnerübergang | Mathematik - einfach erklärt  | Lehrerschmidt;https://www.youtube.com/watch?v=ryQR3XDQh-U
schriftliches Addieren | Mathematik - einfach erklärt | Lehrerschmidt;https://www.youtube.com/watch?v=tEBKFoD9LeI
Euclid's altitude theorem | Mathematics | Geometry - simply explained! | Lehrerschmidt;https://www.youtube.com/watch?v=-fKlC5J_xLY
Euclid's Pythagorean Theorem | Mathematics | Geometry - simply explained | Lehrerschmidt;https://www.youtube.com/watch?v=NB-QnRvLrIQ
Square - correctly draw and label | Mathematics - simply explained | Lehrerschmidt;https://www.youtube.com/watch?v=D6OHx4TIiR8
Terms with fractions | Terms and equations - Mathematics explained simply | Lehrerschmidt;https://www.youtube.com/watch?v=G5iqv_QkBvw
Zahlenkrankheit - Bist du auch infiziert? ACHTUNG! Ansteckungsgefahr!!!  | Lehrerschmidt;https://www.youtube.com/watch?v=o0bQsyGsDIg
Triangle - Calculate area and perimeter | Mathematics | Lehrerschmidt - simply explained!;https://www.youtube.com/watch?v=C4m9MwZbZuM
Dividing with remainder on the calculator - Division with remainder on the calculator - INSTRUCTI...;https://www.youtube.com/watch?v=YV0D2rgv61Q
Mason's triangle - 3-4-5 triangle | Pythagorean theorem | Mathematics - simply explained | Lehrer...;https://www.youtube.com/watch?v=EuC1GFpHBGk
Flächenberechnung - zusammengesetzte Flächen | Mathematik - einfach erklärt | Lehrerschmidt;https://www.youtube.com/watch?v=d_nj9BN1MME
Compasses - correct use | Mathematics - simply explained | Lehrerschmidt;https://www.youtube.com/watch?v=eO78DscqQe4
Pythagorean Theorem | a² + b² = c² | Mathematics - simply explained | Lehrerschmidt;https://www.youtube.com/watch?v=FECtVbC-mgk
Trapezoid - Calculate Area | Mathematics - Simply Explained! | Lehrerschmidt;https://www.youtube.com/watch?v=jaUkNbTXzL8
Circle - Calculate a section and arc of a circle | Mathematics - simply explained | Lehrerschmidt;https://www.youtube.com/watch?v=r_-Pg45q6Xc
Segment, line, ray | Mathematics - simply explained | Lehrerschmidt;https://www.youtube.com/watch?v=AOQzgW7OjdE
parallel and perpendicular | Mathematics - simply explained | Lehrerschmidt;https://www.youtube.com/watch?v=SgQFVa1xq-E
Measuring angles - Drawing angles | Mathematics - simply explained | Lehrerschmidt;https://www.youtube.com/watch?v=uLB-FehRJGU
Median parallel - median triangle | Mathematics - simply explained | Lehrerschmidt;https://www.youtube.com/watch?v=Opcdo_rDxjg
RC - Build your own LED lighting - explanation, resistors, power sources | Lehrerschmidt;https://www.youtube.com/watch?v=6otuB9KySfE
Radius and diameter | Circle | Mathematics - simply explained | Lehrerschmidt;https://www.youtube.com/watch?v=3lWIDHHFH3o
Circle - Calculate circumference - Calculate circumference | Mathematics - simply explained! | Le...;https://www.youtube.com/watch?v=c6YxMbGMke8
Calculate an annulus - Calculate area | Mathematics - simply explained! | Lehrerschmidt;https://www.youtube.com/watch?v=f4P0vTc7XpA
Point symmetry - central symmetry | Mathematics - simply explained! | Lehrerschmidt;https://www.youtube.com/watch?v=S0x6ZZhX1lo
Central value - simply explained | Mathematics | Lehrerschmidt;https://www.youtube.com/watch?v=Bx0YqU9wUTo
Arithmetic mean - simply explained with examples | Lehrerschmidt;https://www.youtube.com/watch?v=p9mLowJ7YJ4
Equating methods - Solving systems of linear equations | Lehrerschmidt;https://www.youtube.com/watch?v=i361KL1OumQ
Addition method - Solving linear systems of equations with x and y | Lehrerschmidt;https://www.youtube.com/watch?v=JcFhj9tpc-M
Circle - Calculate Area | Mathematics - Simply Explained! | Lehrerschmidt;https://www.youtube.com/watch?v=8PqMj4L0BsE
Set square - correct use | Mathematics - simply explained! | Lehrerschmidt;https://www.youtube.com/watch?v=lIS03WYDC5U
Intersection between linear and quadratic functions - simply explained | Lehrerschmidt;https://www.youtube.com/watch?v=cWlTZMJzz1M
Rechteck - Flächeninhalt und Umfang berechnen | Mathematik - ganz einfach erklärt! | Lehrerschmidt;https://www.youtube.com/watch?v=aWWf6E9-jmQ
Rectangle - Calculate perimeter | Mathematics - simply explained | Lehrerschmidt;https://www.youtube.com/watch?v=fuEyYLuZs8U
Rectangle - Calculate Area | Mathematics - Simply Explained | Lehrerschmidt;https://www.youtube.com/watch?v=aswX68-pzz4
Showing a fraction on a number line | Fractions | Lehrerschmidt;https://www.youtube.com/watch?v=nUWihfR7NDo
Reformatierung!!! -  Wir brauchen eine neue Reformation!;https://www.youtube.com/watch?v=K8uPTBTBYe4
Reformation Day or Halloween? | Lehrerschmidt;https://www.youtube.com/watch?v=oum18J6-SD0
Martin Luther - Vater der deutschen Sprache - Reformation und Schule  | Lehrerschmidt;https://www.youtube.com/watch?v=hLn4j5FqAss
Martin Luther - The consequences: Thirty Years' War, schism in the church | Lehrerschmidt;https://www.youtube.com/watch?v=gek8R9BI5H8
Constructing a triangle -SWS- Line segment-angle-line segment | Geometry | Mathematics;https://www.youtube.com/watch?v=5ZeFttfdL5g
Changing clocks - winter time - summer time - forward or backward? Memorization aid | Lehrerschmidt;https://www.youtube.com/watch?v=xiDuzZjZ7s0
"Martin Luther - his life: ""I stand here, I can do no other, God help me, Amen!""";https://www.youtube.com/watch?v=-CMdAsmXicc
Thought experiment: We dig a tunnel through the earth... what happens?;https://www.youtube.com/watch?v=VZ0kX8QDBmc
Square - Calculate perimeter | Mathematics | Lehrerschmidt;https://www.youtube.com/watch?v=TcYrlSy39YU
"Martin Luther - Indulgence trade: ""When the money rings in the coffer, the soul leaps into heaven""";https://www.youtube.com/watch?v=oG-UJkx0Gxc
Martin Luther - Why the printing press was so important for the Reformation!;https://www.youtube.com/watch?v=rqHbghymRlg
Martin Luther - Why did the Reformation happen? How his 95 theses changed the world!;https://www.youtube.com/watch?v=6vF_7kTjsbY
Square - Calculate perimeter and area | Mathematics - simply explained | Lehrerschmidt;https://www.youtube.com/watch?v=wrNIhANQIUE
Square - Calculate Area | Mathematics | Lehrerschmidt;https://www.youtube.com/watch?v=52Lya8wKByQ
Prime factorization | Fractions | Mathematics - simply explained | Lehrerschmidt;https://www.youtube.com/watch?v=7Z-bwJ5F6-M
Constructing a triangle -WSW- Angle, segment, angle | Geometry | Mathematics | Lehrerschmidt;https://www.youtube.com/watch?v=BncH923OsVM
Dreieck konstruieren -SSW- Strecke, Strecke, Winkel | Geometrie | Lehrerschmidt;https://www.youtube.com/watch?v=n-tf9q_ye3I
Constructing a triangle -SSS- Line segment, line segment, line segment | Geometry | Mathematics |...;https://www.youtube.com/watch?v=eUwLuKApkIE
15000 Subscription Special - 10 questions for Lehrerschmidt *THANK YOU*THANK YOU;https://www.youtube.com/watch?v=c5qA60EqSRA
Coordinate system with negative range - draw a point | y-axis, x-axis | Mathematics;https://www.youtube.com/watch?v=jDlNjioazjI
Coordinate system: correctly draw/read a point | Geometry | Mathematics;https://www.youtube.com/watch?v=NAaR4nL0Joo
Trapezoid - Calculating Area | Mathematics - Simply Explained | Lehrerschmidt;https://www.youtube.com/watch?v=hxCS2rDS_qk
Solving terms with parentheses (plus and minus) simply explained | Lehrerschmidt;https://www.youtube.com/watch?v=u9rkG1MPlvQ
Simplifying and combining terms - simply explained | Lehrerschmidt;https://www.youtube.com/watch?v=_vN7NXvQbKE
Triangle - Calculate Area - Calculate Area | Geometry | Mathematics | Lehrerschmidt;https://www.youtube.com/watch?v=93jqjNr6ayk
SSS - SWS - WSW - SSW - Complete Video - Constructing Triangles | Geometry | Lehrerschmidt;https://www.youtube.com/watch?v=QiCtSIUDjGI
Triangle - Calculate Perimeter | Geometry | Mathematics | Lehrerschmidt;https://www.youtube.com/watch?v=s-QFShTrlOE
Constructing the center of gravity of a triangle (side bisector) | Geometry | Mathematics | Lehre...;https://www.youtube.com/watch?v=sycIuLhXmoo
Constructing the median of a triangle (center of gravity) | Geometry | Mathematics | Lehrerschmidt;https://www.youtube.com/watch?v=QrebaPAFu7o
Constructing (drawing) angle bisectors in a triangle | Geometry | Mathematics | Lehrerschmidt;https://www.youtube.com/watch?v=w4OKgEx2Ym0
Constructing the inner circle (incircle) of a triangle | Geometry | Mathematics | Lehrerschmidt;https://www.youtube.com/watch?v=gJoY3teWUCg
Constructing (drawing) the perpendicular bisector of a triangle | Geometry | Mathematics | Lehrer...;https://www.youtube.com/watch?v=jRbsnkbJc6k
Circumference (outer circle) of a triangle - perpendicular bisector | Geometry | Mathematics | Le...;https://www.youtube.com/watch?v=SBY6uKKaj_8
Labeling a triangle correctly - simply explained | Geometry | Mathematics | Lehrerschmidt;https://www.youtube.com/watch?v=FxnL-hTyRVM
Axis reflection (set square / compass) | Geometry | Mathematics | Lehrerschmidt;https://www.youtube.com/watch?v=jhibNVSWHus
Double reflection - reflection on two axes | Geometry | Mathematics | Lehrerschmidt;https://www.youtube.com/watch?v=dtXkkD_00ow
Axial symmetry - mirror axes - reflection | Geometry | Mathematics | Lehrerschmidt;https://www.youtube.com/watch?v=qGFdcezpHCc
Punktspiegelung - Spiegel an einem Punkt | Geometrie | Mathematik | Lehrerschmidt;https://www.youtube.com/watch?v=95oOovK1rck
Point symmetry - simply explained with examples | Geometry | Lehrerschmidt;https://www.youtube.com/watch?v=rNX9xx5UA78
Displacement | Geometry | Mathematics | Lehrerschmidt;https://www.youtube.com/watch?v=pgFfHp5xQeE
Congruence (similarity) - simply explained | Geometry | Mathematics | Lehrerschmidt;https://www.youtube.com/watch?v=OJJCPtOWwJg
Solids of revolution - Solids of revolution | Geometry | Mathematics | Lehrerschmidt;https://www.youtube.com/watch?v=jKl5KTnRE3o
graphing a linear function | y = mx + b | mathematics | Lehrerschmidt;https://www.youtube.com/watch?v=YYHTW3XjAvI
Infinite chocolate - Magic or just math? | Lehrerschmidt;https://www.youtube.com/watch?v=UlSP-5BtUWw
Second ray theorem - second ray theorem | Line ratio | Mathematics | Lehrerschmidt;https://www.youtube.com/watch?v=62aqHC86rO8
1. Ray theorem - first ray theorem | Line ratio | Mathematics | Lehrerschmidt;https://www.youtube.com/watch?v=xcsKEsB0cqE
Factoring terms - simply explained | Mathematics | Lehrerschmidt;https://www.youtube.com/watch?v=425_2PDl4b4
Factoring out terms - simply explained with examples | Lehrerschmidt;https://www.youtube.com/watch?v=wgRDt6qW164
Distributive law | Bracket law | Resolving brackets in terms | Lehrerschmidt;https://www.youtube.com/watch?v=71mDRNnZ3KQ
3. Binomial formula - simply explained with examples | Mathematics | Lehrerschmidt;https://www.youtube.com/watch?v=BIUJy1832F4
2. Binomial formula - simply explained with examples | Mathematics | Lehrerschmidt;https://www.youtube.com/watch?v=TyCoGFb8bws
1. Binomial formula - simply explained with examples | Mathematics | Lehrerschmidt;https://www.youtube.com/watch?v=2N4h3DNCZW0
Calculating the mean - simply explained with examples | Lehrerschmidt;https://www.youtube.com/watch?v=do79J-0JhqQ
Line chart - simply explained | Mathematics | Lehrerschmidt;https://www.youtube.com/watch?v=3IgnaKAOOQw
Calculating the average - simply explained with examples | Lehrerschmidt;https://www.youtube.com/watch?v=fu-Ezs8pyCc
Strip chart - simply explained | Mathematics | Lehrerschmidt;https://www.youtube.com/watch?v=2J2GDE0rQoI
Median - simply explained | Mathematics | Lehrerschmidt;https://www.youtube.com/watch?v=6Nn4JlWXW0g
Pie chart - simply explained | Mathematics | Lehrerschmidt;https://www.youtube.com/watch?v=CAw08JjgaB8
#004 - Lipo richtig laden - Lithium-Polymer-Akku richtig laden - einfach erklärt | Lehrerschmidt;https://www.youtube.com/watch?v=4VO3abrFuU0
Evaluation - Gain subscribers through comments - This is how the campaign went!;https://www.youtube.com/watch?v=whaIyUEWx2E
Boxplot - simply explained | Mathematics | Lehrerschmidt;https://www.youtube.com/watch?v=mclAY5gY8cM
Bar chart - simply explained | Mathematics | Lehrerschmidt;https://www.youtube.com/watch?v=TT4WerY_A4Y
LCM - lowest common multiple | Fractions - simply explained | Mathematics;https://www.youtube.com/watch?v=BSaqb0gBcWo
GCD - greatest common divisor | Fractions - simply explained | Lehrerschmidt;https://www.youtube.com/watch?v=m75yWoIN-wU
Mixed numbers | Fractions - simply explained | Mathematics | Lehrerschmidt;https://www.youtube.com/watch?v=XdldM_TvFk8
echter Bruch & unechter Bruch | Bruchrechnung - einfach erklärt | Lehrerschmidt;https://www.youtube.com/watch?v=JjCgql4Z64c
Multiplying fractions | Fractions explained simply | Lehrerschmidt;https://www.youtube.com/watch?v=rzB96-Vgnzc
Brüche dividieren | Bruchrechnung - einfach erklärt | Lehrerschmidt;https://www.youtube.com/watch?v=Z_voa7rnihA
Subtracting fractions | Fractions explained simply | Lehrerschmidt;https://www.youtube.com/watch?v=2DG_yfjt8aQ
Adding fractions | Fractions – simply explained with examples! | Lehrerschmidt;https://www.youtube.com/watch?v=k71Jg6xEt5E
Expanding fractions | Fractions | Simply explained | Lehrerschmidt;https://www.youtube.com/watch?v=GFTAoBJPxbs
Simplifying fractions | Fractions | Mathematics | Lehrerschmidt - simply explained!;https://www.youtube.com/watch?v=TfFZ6bU4fl4
Converting a fraction to a decimal | Fractions - simply explained | Mathematics;https://www.youtube.com/watch?v=JHZPt2j3eCc
Sum, difference, product and quotient | basic mathematical concepts;https://www.youtube.com/watch?v=RkxByork0cY
Mirror image - reflection | Optics | Physics | Lehrerschmidt;https://www.youtube.com/watch?v=M1xNSZAjyYE
Making fire - like 35,000 years ago - demonstration from the Bronze Age farm in Uelsen | Lehrersc...;https://www.youtube.com/watch?v=e6kMRXaOinE
Full moon - half moon - new moon | Optics | Physics | Lehrerschmidt;https://www.youtube.com/watch?v=pQw-WhHrEtM
Generation sweatpants – clothes make the man!;https://www.youtube.com/watch?v=qgNtY_GVrjU
Reading the clock - Learning to tell the time | Social studies - Time | Lehrerschmidt;https://www.youtube.com/watch?v=P8IVRJpb-Hs
Semi-written division | Mathematics | Lehrerschmidt;https://www.youtube.com/watch?v=wKf7gIFTudA
Calculating parallel circuits - resistance & current | Ohm's law | Physics | Lehrerschmidt;https://www.youtube.com/watch?v=aHCFAJ4wmH4
Fractions – explained simply – really easy! | Mathematics | Lehrerschmidt;https://www.youtube.com/watch?v=2MvyITxrU-g
Rounding with the calculator - TI-30 (ECO) | Mathematics | Lehrerschmidt;https://www.youtube.com/watch?v=D2Ra9cUWlfA
Rounding with the calculator - Casio fx-82DE (Plus) | Mathematics;https://www.youtube.com/watch?v=LgmSVsf1FIc
"""Quick"" percentage calculation - simply explained *Trick* | Mathematics | Lehrerschmidt";https://www.youtube.com/watch?v=yE9hPPvPQ6E
Private school vs. public school! Is a private school better? | Lehrerschmidt;https://www.youtube.com/watch?v=4DU4gyyqfEU
semi-written division | mathematics | Lehrerschmidt;https://www.youtube.com/watch?v=gCx7e_sQH3c
Dividing with Decimals | Basic Mathematics | Lehrerschmidt;https://www.youtube.com/watch?v=1AxnPj6Gx4M
Dividing (divided) with remainder | Mathematics - simply explained | Lehrerschmidt;https://www.youtube.com/watch?v=rxYW7hMofE8
#11 - Seemannsgarn - Schifffahrtsmuseum Nordhorn - Führung mit Dr. Röhl;https://www.youtube.com/watch?v=wT9muPNCTFE
#10 -  Lord Nelson - Seeschlacht von Trafalgar - Schifffahrtsmuseum Nordhorn - Führung mit Dr. Röhl;https://www.youtube.com/watch?v=DwcopigRznY
#9 - Anker und Dreieckshandel - Schifffahrtsmuseum Nordhorn - Führung mit Dr. Röhl;https://www.youtube.com/watch?v=Myi2BpREuN8
#8 - Navigation and the Ship's Doctor | Nordhorn Maritime Museum - Guided Tour with Dr. Röhl;https://www.youtube.com/watch?v=he5lKtOYFt4
#7 - Ship Cannons - Nordhorn Maritime Museum - Guided Tour with Dr. Röhl;https://www.youtube.com/watch?v=zEe-IKjoUkc
#6 - Wasa Syndrome & Navigation | Nordhorn Maritime Museum - Guided Tour with Dr. Röhl;https://www.youtube.com/watch?v=Edu2WG7QO2g
#5 - Brave Divers - Nordhorn Maritime Museum - Guided Tour with Dr. Röhl;https://www.youtube.com/watch?v=QqLN-9PEQoA
#4 - Whaling and Whaling Ships | Nordhorn Maritime Museum - Guided Tour with Dr. Röhl;https://www.youtube.com/watch?v=ODCanXuSPJY
#3 - The True Story of the Bounty - Nordhorn Maritime Museum - Guided Tour with Dr. Röhl;https://www.youtube.com/watch?v=7EfE-SawV7s
#2 - Endeavour and James Cook - Nordhorn Maritime Museum - Guided tour with Dr. Röhl;https://www.youtube.com/watch?v=qfmC7Dg4z0A
#1 - Nordhorn Maritime Museum - Dr. Röhl invites you to a guided tour!;https://www.youtube.com/watch?v=0J5ntoXs9IM
Dividing (divided) in writing - simply explained - Mathematics - Lehrerschmidt;https://www.youtube.com/watch?v=zz1Y_V-3kq0
Calculate percentage | Formula + rule of three | Percentage calculation | Mathematics | Lehrersch...;https://www.youtube.com/watch?v=xzoD6wRIMSE
Direct mandate and list position | Federal election | Politics | simply explained | Lehrerschmidt;https://www.youtube.com/watch?v=2UJlJ8j8KT8
Overhang mandate and compensatory mandate | What is that? | Federal election | Politics | Lehrers...;https://www.youtube.com/watch?v=MYPD0K1yfeQ
Fünf-Prozent-Hürde - Sperrklausel | Bundestagswahl | Politik | einfach erklärt | Lehrerschmidt;https://www.youtube.com/watch?v=bjKo2UhVc6g
First vote and second vote - What are they? | Federal election | Politics;https://www.youtube.com/watch?v=ZbLhhPyDPhw
Calculating percentages (using formulas and the rule of three) | Percentage calculation | Mathema...;https://www.youtube.com/watch?v=81NAhJujgbU
Calculating base value - Percentage calculation (with formula and rule of three) | Mathematics | ...;https://www.youtube.com/watch?v=36iHzXpx75s
Percentage calculation - Formula triangle - Formulas made easy! | Mathematics | Lehrerschmidt;https://www.youtube.com/watch?v=kcLXveDmwJc
Flying Spaghetti Monster - Why Pirates Are Cool - with PROOF!!;https://www.youtube.com/watch?v=He0NlD-hnm8
Spousal splitting | Taxes | Economy | Lehrerschmidt;https://www.youtube.com/watch?v=ABdznYSFk48
Overdraft - What does it cost? What is it? | Business | Lehrerschmidt;https://www.youtube.com/watch?v=61R7YMaw-ZE
1st circumnavigation - MAGELLAN - ELCANO - 1522 | History | Lehrerschmidt;https://www.youtube.com/watch?v=OPhm2qoLTSw
10 Gründe warum KAFFEE TRINKEN gut ist - wissenschaftlich belegt... oder so...;https://www.youtube.com/watch?v=jgcn74ciJnQ
Thermal expansion - calculate thermal expansion | Physics | Thermodynamics | Lehrerschmidt;https://www.youtube.com/watch?v=NktVeQ5WkaQ
Four-stroke engine - Otto engine - Diesel engine | Mechanics | Physics | Lehrerschmidt;https://www.youtube.com/watch?v=Srb0nZ14y4Q
"Is ""adapting"" wrong? - DISCUSSION | Pedagogy | Lehrerschmidt";https://www.youtube.com/watch?v=JL6O0HuAhX0
Healthy school meals – what needs to be improved + tips for parents!;https://www.youtube.com/watch?v=vZ6oDreTep0
Art in the Stone Age | Stone Age | History | Lehrerschmidt;https://www.youtube.com/watch?v=l7LE5hAL704
Lehrerschmidt - channel trailer for YouTube!;https://www.youtube.com/watch?v=dQ417aJH13Q
Word types - an overview | German | Grammar | Lehrerschmidt;https://www.youtube.com/watch?v=eBEeFYQ6YIE
Foreword by Lehrerschmidt - German Grammar Section;https://www.youtube.com/watch?v=XTKDQjgttt4
Prefix - Root Word - Suffix | Grammar | German | Lehrerschmidt;https://www.youtube.com/watch?v=zVwDvRS4ijk
Strong verb or weak verb | Grammar | German | Lehrerschmidt;https://www.youtube.com/watch?v=OfR8OI4iBNc
Regular and irregular verbs | Grammar | German | Lehrerschmidt;https://www.youtube.com/watch?v=qowaQdjAY1M
Early vacations - heavy fines await! | School law - Compulsory school attendance! | Lehrerschmidt;https://www.youtube.com/watch?v=yRNOEbOTsHw
Imperative - Command Form | Grammar | German | Lehrerschmidt;https://www.youtube.com/watch?v=U2ErysRF9eE
transitive und intransitive Verben | deutsche Grammatik | Deutsch | Lehrerschmidt;https://www.youtube.com/watch?v=NFMP_ALlLLM
Paying by card - PIN vs. signature - WHY? | Business | Lehrerschmidt;https://www.youtube.com/watch?v=ODLPPFqZtvw
Future tense - future tense - tense - tense | Grammar | German | Lehrerschmidt;https://www.youtube.com/watch?v=5fxSc3GwDmw
Perfect - present perfect - tense - tense | Grammar | German | Lehrerschmidt;https://www.youtube.com/watch?v=Ip9gJgm1E9g
Preterite - Tense - Tenses | Grammar | German | Lehrerschmidt;https://www.youtube.com/watch?v=7x_nH-BVkDw
Present tense - tense - tense | Grammar | German | Lehrerschmidt;https://www.youtube.com/watch?v=pe3ZPdCrW_0
Fiat money and commodity money | Economics | Lehrerschmidt;https://www.youtube.com/watch?v=Q6C1vPf-37c
Weapons and Hunting | Stone Age | History | Lehrerschmidt;https://www.youtube.com/watch?v=AApn2SG4FxI
Stone tools | Stone Age | History | Lehrerschmidt;https://www.youtube.com/watch?v=SxnJGLjcSvY
Contactless payment | NFC | Business | Lehrerschmidt;https://www.youtube.com/watch?v=z7OJ6io83gU
Jäger und Sammler | Steinzeit | Geschichte | Lehrerschmidt;https://www.youtube.com/watch?v=9R4vcoz6gtw
From ape to man | Prehistoric times | History | Lehrerschmidt;https://www.youtube.com/watch?v=zib7bjqsD_E
"New letter - The capital ""ß"" is here! | German | Lehrerschmidt";https://www.youtube.com/watch?v=F1vsuRq5se4
Convert joules to watt-seconds | Physics | Lehrerschmidt;https://www.youtube.com/watch?v=LaI_4WqNkxc
Calculating the median | Mathematics | Lehrerschmidt;https://www.youtube.com/watch?v=4ege069TYqo
Determine the central value | Mathematics | Lehrerschmidt;https://www.youtube.com/watch?v=UvMZmJLTC4s
Law: Children must help with household chores! | §1619 BGB | Lehrerschmidt;https://www.youtube.com/watch?v=8HTFxd1zHfw
10,000 subscriptions! Lehrerschmidt says thank you!;https://www.youtube.com/watch?v=roYngC3tv_s
Using zebra crossings (pedestrian crossings) correctly | Traffic education | General knowledge | ...;https://www.youtube.com/watch?v=DkP7q4KDFBk
Bicycle helmet - Why you (!) should wear a helmet! | Science lessons | Lehrerschmidt;https://www.youtube.com/watch?v=LwOMcoDIshc
Full verb - auxiliary verb - modal verb | Grammar | German | Lehrerschmidt;https://www.youtube.com/watch?v=_gQpsBE_xXg
Opening a watermelon - LIKE A BOSS !!! LIFEHACK | Lehrerschmidt;https://www.youtube.com/watch?v=zSoQwkXyLv4
Do I have to attend religious education classes? | Student rights | Lehrerschmidt;https://www.youtube.com/watch?v=fREWJgwLfBw
School starts at 9:00 a.m.! Should we change the class times?;https://www.youtube.com/watch?v=33REj01LYnE
Happy holidays! It's possible without money or vacation! | Lehrerschmidt;https://www.youtube.com/watch?v=3OyYiPOZWQM
Summer holidays - Finally, the holidays! | Lehrerschmidt;https://www.youtube.com/watch?v=nIk17SR_H2c
Can I keep my jacket/hat on in class? | Student rights | Lehrerschmidt;https://www.youtube.com/watch?v=pT-LRui0aXU
Political participation – citizen participation – a good example | Politics | Lehrerschmidt;https://www.youtube.com/watch?v=TFA4-sKXhow
Detention during recess - Can my teacher take away my recess? | Student rights;https://www.youtube.com/watch?v=sTolpFmOwjs
Can a student write with red ink? | Student rights | Lehrerschmidt;https://www.youtube.com/watch?v=y8SUtufa8Mw
Heat!!!! Three tips that really help! | Physics | Lehrerschmidt;https://www.youtube.com/watch?v=3gHu5aTFNJA
Who ends class? The teacher or the bell? | Student rights;https://www.youtube.com/watch?v=C4f34pqg0ms
Leaving the schoolyard - Am I allowed to do that? | Student rights | Lehrerschmidt;https://www.youtube.com/watch?v=7ZwchgpS4rQ
Cold-weather leave? Does it exist? | Student rights | Lehrerschmidt;https://www.youtube.com/watch?v=i8gu4uuznyc
112 - Emergency Call | What happens if I dial 112? | Science | Lehrerschmidt;https://www.youtube.com/watch?v=qCO3Fk6OAjg
Behind the Scenes - Canon Legria HF G40 - new camera | Lehrerschmidt;https://www.youtube.com/watch?v=Xfw17-HVBuc
Klassenfahrt  - Darf der Lehrer einen Schüler ausschließen? | Schülerrechte;https://www.youtube.com/watch?v=vTZgxgtb9HQ
Abolishing school grades? Good idea or utter nonsense? | Lehrerschmidt;https://www.youtube.com/watch?v=J_jGyvjK5EI
Restroom - Can the teacher forbid me from using this? | Student rights | Lehrerschmidt;https://www.youtube.com/watch?v=bmnUCqqk9t4
Do I have to go outside during recess? | Student rights;https://www.youtube.com/watch?v=lhPc4Q2g2T0
Yelling! Can a teacher yell at me? | Student rights;https://www.youtube.com/watch?v=OSCsMkveZ-U
Searching a school bag - Is the teacher allowed to do that? | Student rights;https://www.youtube.com/watch?v=sxzqt00kiPw
Homeschooling - Homeschooling - Unschooling | What is it? |Lehrerschmidt;https://www.youtube.com/watch?v=22M_YwFLsJU
National Youth Games – useful or unnecessary? | Lehrerschmidt;https://www.youtube.com/watch?v=ldwaz5Ox8XA
"Generation ""no interest"" | What's going on? | Lehrerschmidt";https://www.youtube.com/watch?v=H4KPEqP9Ojo
Heat-free!!! When is there a heat-free day? | School | Lehrerschmidt;https://www.youtube.com/watch?v=2YglYQU3JVE
Why rewards are bad! (and can even be harmful!) | Lehrerschmidt;https://www.youtube.com/watch?v=xLb6wIXZFck
Grease fire - An educational film with the Nordhorn fire department | Lehrerschmidt;https://www.youtube.com/watch?v=gKbydxywb2E
Oral exam | Preparation and good passing | Lehrerschmidt;https://www.youtube.com/watch?v=eZixvl5pVIs
Classwork - What you need to know! | Lehrerschmidt;https://www.youtube.com/watch?v=qUk07QDgKMs
Cell phone confiscated! Is the teacher allowed to do that? | Lehrerschmidt;https://www.youtube.com/watch?v=wcFTNDagThA
Root calculations in writing (without a calculator) | Mathematics | Lehrerschmidt;https://www.youtube.com/watch?v=8aLQjIjMPJ0
Relay circuit - mechanical relay | Physics | Lehrerschmidt;https://www.youtube.com/watch?v=jrYZkKcD3t0
Behind the scenes at Lehrerschmidt;https://www.youtube.com/watch?v=cVhXqSukaK4
geheime Lehrermethode  Nr. 3 - superschnell rechnen! | Lehrerschmidt;https://www.youtube.com/watch?v=4nYJMG65ads
negative reinforcement | psychology | Lehrerschmidt;https://www.youtube.com/watch?v=SHYJCslx4kE
positive reinforcement | psychology | Lehrerschmidt;https://www.youtube.com/watch?v=4mjQ8NTfjBc
Help, we need teachers! Why are they missing? Who's to blame? | Lehrerschmidt;https://www.youtube.com/watch?v=0HDIWzv6lwM
Congruence - What is congruent? | Mathematics | Lehrerschmidt;https://www.youtube.com/watch?v=7GG6pdMS5Zk
"Quote: ""He who knows little must believe much!"" | General knowledge | Lehrerschmidt";https://www.youtube.com/watch?v=AeGZeHVCjdY
Prometheus - Greek Mythology | History | Lehrerschmidt;https://www.youtube.com/watch?v=muW9W8uo8c8
Smart goals - successful in school | Lehrerschmidt;https://www.youtube.com/watch?v=Dl76rPhb9IQ
Work and social behavior - Assessment in schools | Lehrerschmidt;https://www.youtube.com/watch?v=rF9-AcN-jv8
Calculate density | Physics | Lehrerschmidt;https://www.youtube.com/watch?v=OcB_WdjvW7k
5 Lies of a Teacher | Lehrerschmidt;https://www.youtube.com/watch?v=1srMkxG-Gl0
The thing about truth | Lehrerschmidt;https://www.youtube.com/watch?v=0El5lqVRH8I
Happiness and being happy | with homework | Lehrerschmidt;https://www.youtube.com/watch?v=bFuQMw4zl-0
Few days of absence – more important than grades? | Lehrerschmidt;https://www.youtube.com/watch?v=zBhNXYJMLfY
Skipping school - What punishment is threatened? | Lehrerschmidt;https://www.youtube.com/watch?v=uFHSPTLmZUA
Converting fractions to decimals | Fraction arithmetic | Teacher Schmidt;https://www.youtube.com/watch?v=OvGIKPSjbaE
Blue Letter - Help! What should I do? | Lehrerschmidt;https://www.youtube.com/watch?v=6flF4KUG6hw
Pocket money - How much is right? | Business | Lehrerschmidt;https://www.youtube.com/watch?v=P6CXMRHHejA
Need, requirement, consumption, saving | Economy | Lehrerschmidt;https://www.youtube.com/watch?v=tp3QdUqAEBU
Was ist ein Bedürfnis? | Wirtschaft | Lehrerschmidt;https://www.youtube.com/watch?v=feyqY8SC4h0
The best learning method!! | Lehrerschmidt;https://www.youtube.com/watch?v=9oX1YwAFMrU
Ingenious math trick for large numbers | Multiplying | Mathematics | Lehrerschmidt;https://www.youtube.com/watch?v=hOlzVPP1iHQ
Terme und Gleichungen vereinfachen | Terme und Gleichungen | Mathematik | Lehrerschmidt;https://www.youtube.com/watch?v=ki8HNoo-q0Y
How much does a teacher earn? | Business | Lehrerschmidt;https://www.youtube.com/watch?v=lE4VBWuqFNc
Maximum principle | Economy | Lehrerschmidt;https://www.youtube.com/watch?v=vr-uXHGbHAE
Minimal principle | Economy | Lehrerschmidt;https://www.youtube.com/watch?v=l39qBzOBEdQ
Indian multiplication | secret teacher methods | mathematics | Lehrerschmidt - simply explained!;https://www.youtube.com/watch?v=UuGiBb0tHg8
10 tips for better performance in school! | Lehrerschmidt;https://www.youtube.com/watch?v=oquGtpjoK2E
Good Friday - four things you need to know! | Holidays |Lehrerschmidt;https://www.youtube.com/watch?v=bLk-DXH7XuI
Golden Rule of Mechanics (Galileo Galilei) | Mechanics | Physics | Lehrerschmidt;https://www.youtube.com/watch?v=Upud4LI5q6I
1x9 Finger Trick | 1x1 Multiplication Table | Mathematics | Lehrerschmidt;https://www.youtube.com/watch?v=umJJSJHxLA4
Palm Sunday - What you need to know! | Lehrerschmidt;https://www.youtube.com/watch?v=APO01y_mb0k
Force parallelogram | Mechanics | Physics | Lehrerschmidt;https://www.youtube.com/watch?v=JdihgTx_kW8
Force diagram | Mechanics - Forces | Physics | Lehrerschmidt;https://www.youtube.com/watch?v=v-x7ouHueOs
The Secret Teacher Method No. 2 | Lehrerschmidt;https://www.youtube.com/watch?v=Fqe5g3lgs9s
The Secret Teacher Method!! | Lehrerschmidt;https://www.youtube.com/watch?v=Tym4rhv-5iU
Two-stroke engine (2-stroke engine) | Mechanics | Physics | Lehrerschmidt;https://www.youtube.com/watch?v=6hKiXFuMcXw
Plastic and elastic deformation | Mechanics - Forces | Physics | Lehrerschmidt;https://www.youtube.com/watch?v=4-YOnbXGJts
Hooke's Law (with experiment) | Mechanics | Physics | Lehrerschmidt;https://www.youtube.com/watch?v=A_x5-Shr_ng
1N - Was ist ein Newton? | Mechanik | Physik | Lehrerschmidt;https://www.youtube.com/watch?v=tGDzbAaM55Y
Median parallel (central triangle) | Geometry | Mathematics | Lehrerschmidt;https://www.youtube.com/watch?v=1KRKJHYT2w4
Area of ​​a circle - Derivation of the formula (simple) | Mathematics | Lehrerschmidt;https://www.youtube.com/watch?v=viyy0vDLJvw
Factoring out | Terms and equations | Mathematics | Lehrerschmidt;https://www.youtube.com/watch?v=emkfgtY8B8s
relative Häufigkeit | Wahrscheinlichkeitsrechnung | Mathematik | Lehrerschmidt;https://www.youtube.com/watch?v=qrXofe-AMvY
absolute frequency | probability theory | mathematics | Lehrerschmidt;https://www.youtube.com/watch?v=eA0Cxp4PtTQ
Changing the clocks - Daylight Saving Time - Why? | Lehrerschmidt;https://www.youtube.com/watch?v=HSrioJH2dvU
Abolish repeating a grade? | School policy | Discussion!! | Lehrerschmidt;https://www.youtube.com/watch?v=QxhyPjc62Wg
das und dass - Das ist gar nicht schwer! | Deutsch | Lehrerschmidt;https://www.youtube.com/watch?v=mjZKqqeVOhk
since and are - It can be so embarrassing! | German | Lehrerschmidt;https://www.youtube.com/watch?v=x2ECAgVBC9Y
Equilibrium of forces | Mechanics | Physics | Lehrerschmidt;https://www.youtube.com/watch?v=m578UM25mQ4
Mass and Weight | Mechanics | Physics | Lehrerschmidt;https://www.youtube.com/watch?v=vK6F3YswS_4
to or after? - An explanation! | Grammar | German | Lehrerschmidt;https://www.youtube.com/watch?v=XcxsiiEQXzo
Hooke's Law - Mechanics | Physics | Lehrerschmidt;https://www.youtube.com/watch?v=rcIvbSKIpac
Force - What is it? | Physics | Mechanics | Lehrerschmidt;https://www.youtube.com/watch?v=3biPwHo2-og
Gross wage - net wage - payroll | Business | Lehrerschmidt;https://www.youtube.com/watch?v=n6MJFwD0edA
5000 subscribers on YouTube - THANK YOU | Lehrerschmidt;https://www.youtube.com/watch?v=xzF-cgfP7NY
The tutoring problem – We need to talk about it!!! | Lehrerschmidt;https://www.youtube.com/watch?v=dZmp3tp8s0A
How does electricity get into the socket? | Science and Physics | Lehrerschmidt;https://www.youtube.com/watch?v=BTUyZ1OqwiE
Zinsformel umstellen | Mathematik | Lehrerschmidt;https://www.youtube.com/watch?v=Cl7ro528lYc
Interest calculation with days | Mathematics | Lehrerschmidt;https://www.youtube.com/watch?v=agf1W8letlY
Interest calculation with months (KIP formula) | Mathematics | Teacher Schmidt;https://www.youtube.com/watch?v=quS5njvxtdw
p-q formula (simply explained!!!) | mixed quadratic equations | mathematics | Lehrerschmidt;https://www.youtube.com/watch?v=VMuKmeZCkVQ
Determine the intersection points of a parabola (y=x²) with a linear equation (y=4) | Lehrerschmidt;https://www.youtube.com/watch?v=08o4caD0I6I
Proper fraction - improper fraction - mixed number | Mathematics | Lehrerschmidt;https://www.youtube.com/watch?v=bGdv8_YDAjc
Schriftliches Dividieren mit zwei Kommazahlen | Mathematik | Lehrerschmidt;https://www.youtube.com/watch?v=T0U9ZvVQgSw
Estimation - Estimating | Mathematics | Lehrerschmidt;https://www.youtube.com/watch?v=vPqvDAPOytI
Inventory and inventory | Accounting | Lehrerschmidt;https://www.youtube.com/watch?v=IJa2P-FNJsQ
What is real wages? Real wage losses? | Economy | Lehrerschmidt;https://www.youtube.com/watch?v=xz1EmfkC2nQ
Umsatz und Gewinn | Wirtschaft - Rechnungswesen | Lehrerschmidt;https://www.youtube.com/watch?v=MfKJhODPn6Q
Kapital und Vermögen | Rechnungswesen | Lehrerschmidt;https://www.youtube.com/watch?v=wp7QsHfdTJE
Bookkeeping - legal regulations | Accounting | Lehrerschmidt;https://www.youtube.com/watch?v=h_jDWIMM7-Y
Aufgaben der Buchführung | Rechnungswesen | Lehrerschmidt;https://www.youtube.com/watch?v=yIF9t6scw2c
Accounting Sub-Areas | Overview and Introduction | Lehrerschmidt;https://www.youtube.com/watch?v=QjeFiNU0E5U
#011 - Wheel | Inventions and Discoveries | History | Lehrerschmidt;https://www.youtube.com/watch?v=BIcdGdarEvI
increased base value | Accounting | Lehrerschmidt;https://www.youtube.com/watch?v=4ex6P05_bwg
reduced basic value | Accounting | Lehrerschmidt;https://www.youtube.com/watch?v=_EYgz7jotUI
Calculate percentage | Accounting | Lehrerschmidt;https://www.youtube.com/watch?v=x2V2QLameQ4
Skonto - Was ist Skonto? | Rechnungswesen | Lehrerschmidt;https://www.youtube.com/watch?v=fmofUDmTyjA
Calculate percentage | Accounting | Lehrerschmidt;https://www.youtube.com/watch?v=Tm_qr1lILQQ
Der gewogene Durchschnitt | Rechnungswesen | Lehrerschmidt;https://www.youtube.com/watch?v=1JGO-D4HwLM
Einfacher Durchschnitt | Rechnungswesen | Lehrerschmidt;https://www.youtube.com/watch?v=-EKIYk5omaM
Distribution accounting | Accounting | Lehrerschmidt;https://www.youtube.com/watch?v=oGkj5BI7Xt0
Convert foreign currency into foreign currency | Accounting | Lehrerschmidt;https://www.youtube.com/watch?v=RAjQfaBDLAY
Calculate exchange rate | Accounting | Lehrerschmidt;https://www.youtube.com/watch?v=YhR3BcGxVWI
#004 - Iron Age | Inventions and Discoveries | History | Lehrerschmidt;https://www.youtube.com/watch?v=erEmL03BpaA
Prime number | What is a prime number? | Mathematics | Lehrerschmidt;https://www.youtube.com/watch?v=vc9BEjHzJIU
Grad Celsius - Grad Fahrenheit und  Kelvin | Temperatur | Physik | Lehrerschmidt;https://www.youtube.com/watch?v=5a12sNngGgc
Römische Zahlen | Mathematik | Lehrerschmidt;https://www.youtube.com/watch?v=Yyk8Muhmq_o
Does the point lie on the line? | Linear equations | Mathematics;https://www.youtube.com/watch?v=t0QnG7e-OYg
Thermometer | General knowledge | Physics | Thermodynamics | Lehrerschmidt;https://www.youtube.com/watch?v=EIjf3xYjXRs
Currency calculation | EUR - USD conversion | Accounting | Lehrerschmidt;https://www.youtube.com/watch?v=yazoUNl-QbU
compound rule of three | accounting | commercial arithmetic | Lehrerschmidt;https://www.youtube.com/watch?v=2OSeiWtqGnw
Rule of three odd ratio | Accounting commercial arithmetic | Lehrerschmidt;https://www.youtube.com/watch?v=cCx5caBzs4M
Dreisatz mit geradem Verhältnis | Rechnungswesen | kaufmännisches Rechnen | Lehrerschmidt;https://www.youtube.com/watch?v=NdmstOsYS8M
Einfacher Dreisatz | Rechnungswesen | kaufmännisches Rechnen | Lehrerschmidt;https://www.youtube.com/watch?v=IXCWLXdv6YQ
Diverging lens - concave lens | Optics | Physics | Lehrerschmidt | Lehrerschmidt;https://www.youtube.com/watch?v=Sj9f3sA827c
Converging lens - Convex lens | Optics | Physics | Lehrerschmidt;https://www.youtube.com/watch?v=J6RapPPoKno
How to Jump-Start a Car - How to Bridge a Car Battery | Everything You Need to Know | Lehrerschmidt;https://www.youtube.com/watch?v=tr3_2c6TrCw
Using the compass | Geometry | Mathematics | Lehrerschmidt;https://www.youtube.com/watch?v=KRhbBUVoTU4
Calculate composite areas | Mathematics | Lehrerschmidt;https://www.youtube.com/watch?v=ifz0NytBmW4
Cuboid - Calculate Volume | Solids | Mathematics | Lehrerschmidt;https://www.youtube.com/watch?v=l-9QQp7rkgE
Prism - Calculate Volume | Solids | Mathematics | Lehrerschmidt;https://www.youtube.com/watch?v=wkLHzHbcitQ
Numbers in love | Mathematics | Lehrerschmidt;https://www.youtube.com/watch?v=Oc0iJxAQCjU
inversely proportional assignment | Mathematics | Lehrerschmidt;https://www.youtube.com/watch?v=cx6MYk5wJVo
Trapezoid - Calculate Area | Area Calculation | Mathematics | Lehrerschmidt;https://www.youtube.com/watch?v=j43r08Bzt_I
Using the TI-30 calculator | Mathematics | Lehrerschmidt;https://www.youtube.com/watch?v=P8AnP85UiLs
Seitenhöhe einer Pyramide (Kegel) berechnen | Körper | Mathematik | Lehrerschmidt;https://www.youtube.com/watch?v=OAQ3FFGAZ34
Calculating with symbols and colors | Mathematics | Lehrerschmidt;https://www.youtube.com/watch?v=6LaIPhgLraU
Checksum - What is it? | Mathematics | Lehrerschmidt;https://www.youtube.com/watch?v=3qimjKgW0EU
Punkt- vor Strichrechnung | Grundrechenarten | Mathematik | Lehrerschmidt;https://www.youtube.com/watch?v=zEvWRs6BWos
one-stage random experiment | probability | mathematics | Lehrerschmidt;https://www.youtube.com/watch?v=ikXe9VOrEMo
Proportional assignment | What is proportional? | Mathematics | Lehrerschmidt;https://www.youtube.com/watch?v=y-PT_Dr3qIA
two-stage random experiment | probability theory | mathematics | Lehrerschmidt;https://www.youtube.com/watch?v=Wl9oElndwew
Sum rule | Probability theory | Mathematics | Lehrerschmidt;https://www.youtube.com/watch?v=Pi1M1F2l024
Product rule | Probability theory | Mathematics | Lehrerschmidt;https://www.youtube.com/watch?v=m089bNh1d2w
Adding powers | Exponentiation | Mathematics | Lehrerschmidt;https://www.youtube.com/watch?v=0maY--bYofo
Subtracting powers | Exponentiation | Mathematics | Lehrerschmidt;https://www.youtube.com/watch?v=ylTjkkQDozw
Potenzen dividieren | Potenzrechnung | Mathematik | Lehrerschmidt;https://www.youtube.com/watch?v=STcUAiXOKbA
Multiplying powers | Exponentiation | Mathematics | Lehrerschmidt;https://www.youtube.com/watch?v=ghGqx9UKRVs
Point test for linear equations | Terms and equations | Mathematics;https://www.youtube.com/watch?v=vQlKK9BjmUs
Fire - The Discovery and Use of Fire | History | Lehrerschmidt;https://www.youtube.com/watch?v=8MQz7ESRUuk
Terme - Distributivgesetz (Klammern auflösen) | Terme und Gleichungen | Mathematik | Lehrerschmidt;https://www.youtube.com/watch?v=7DS4NhyQjaY
Factoring terms (factoring out) | Terms and equations | Mathematics | Lehrerschmidt;https://www.youtube.com/watch?v=N8F9qLsE_98
Terms with parentheses in products (multiplication) Terms and equations | Lehrerschmidt;https://www.youtube.com/watch?v=RvbO9cf_0do
Terme mit Klammern (Plus- und Minusklammern) | Terme und Gleichungen | Lehrerschmidt;https://www.youtube.com/watch?v=--SZOi73UGU
Schriftliches Addieren (Plus) mit Zehnerübergang | Mathematik | Lehrerschmidt;https://www.youtube.com/watch?v=tBMQKNs8GvE
Written addition (plus) with multiple numbers | Mathematics | Lehrerschmidt;https://www.youtube.com/watch?v=cwmrKQ2JI04
Written addition (plus) without transition to tens | Mathematics | Lehrerschmidt;https://www.youtube.com/watch?v=ml7gFFLYKq4
Terme berechnen | Terme und Gleichungen | Mathematik | Lehrerschmidt;https://www.youtube.com/watch?v=pOMQNP5S8IE
Adjacent side - Opposite side - Hypotenuse | Trigonometry | Mathematics | Lehrerschmidt;https://www.youtube.com/watch?v=ZmdLBuMhP0w
"Build your own ""learning tower""! So kids can participate! | DIY - Lehrerschmidt";https://www.youtube.com/watch?v=eeapAyfkchY
Pyramid - Calculate Volume | Solids | Mathematics | Lehrerschmidt;https://www.youtube.com/watch?v=Y-wwcivCcWM
Pyramid - Calculate surface area | Solids | Mathematics | Lehrerschmidt;https://www.youtube.com/watch?v=A8KEczj4iRw
Cylinder - Calculate Volume | Body | Mathematics | Lehrerschmidt;https://www.youtube.com/watch?v=K6twHXOAcKo
Cylinder - Calculate surface area | Solids | Mathematics | Lehrerschmidt;https://www.youtube.com/watch?v=_ya5WpIbNrA
Math hack: Drawing instead of calculating | Mathematics | Lehrerschmidt;https://www.youtube.com/watch?v=shZh8zkbQlI
Ziffer und Zahl | Was ist der Unterschied? | Lehrerschmidt erklärt;https://www.youtube.com/watch?v=9lE8qcumKdQ
Parallelogram - Calculate Area | Geometry | Mathematics | Lehrerschmidt;https://www.youtube.com/watch?v=0Y7JYMH5hJo
Drawing angles - measuring angles | Mathematics | Geometry | Lehrerschmidt - simply explained!;https://www.youtube.com/watch?v=qWl8sEDY2S0
Guy Fawkes - November 5 - Anonymous | General Knowledge | Teacher Schmidt;https://www.youtube.com/watch?v=bk9LtDSDr30
Quadrilaterals - An Overview | Geometry | Mathematics | Lehrerschmidt;https://www.youtube.com/watch?v=Ve-Hzdc47Tk
Cube - Calculate surface area | Solids - Geometry | Mathematics | Lehrerschmidt;https://www.youtube.com/watch?v=gjE92aXpnF0
Cuboid - Calculate surface area | Solids - Geometry | Mathematics | Lehrerschmidt;https://www.youtube.com/watch?v=9pCIZ1cqGKw
Negative Zahlen | Einführung mit Zahlenstrahl | Mathematik | Lehrerschmidt;https://www.youtube.com/watch?v=zRWwa7XZJLo
Pythagorean theorem | a² + b² = c² | Geometry | Mathematics | Lehrerschmidt;https://www.youtube.com/watch?v=78QJgfQ5lMI
Prism - Calculate surface area | Solids | Mathematics | Lehrerschmidt;https://www.youtube.com/watch?v=jut5Ws-5Ddk
The Magic Square | Calculating and Thinking | Mathematics | Lehrerschmidt;https://www.youtube.com/watch?v=37W258mF69Q
mathematical terminology | mathematics | Lehrerschmidt;https://www.youtube.com/watch?v=u-k-UXN4soc
How to Graph a Linear Function in the Coordinate System | Mathematics | Lehrerschmidt;https://www.youtube.com/watch?v=ggEEG6QdqkE
Trapezoid - Calculate Area | Geometry | Mathematics | Lehrerschmidt;https://www.youtube.com/watch?v=XQgCsz_5Z5Q
Calculate tangent | Trigonometry | Mathematics | Lehrerschmidt;https://www.youtube.com/watch?v=Wwzu8Bu_p6U
Calculate cosine | Trigonometry | Mathematics | Lehrerschmidt;https://www.youtube.com/watch?v=iBBfU2zv0tw
Calculate sine | Trigonometry | Mathematics | Lehrerschmidt;https://www.youtube.com/watch?v=xvvRdQtwFN4
Sphere - Calculate Volume | Body | Mathematics | Lehrerschmidt;https://www.youtube.com/watch?v=laXXuHxXnJ0
Sphere - Calculate surface area | Body | Mathematics | Lehrerschmidt;https://www.youtube.com/watch?v=0d_ggaFKJXM
Circle - Calculate annulus | Geometry - Outer circle - Inner circle | Mathematics | Lehrerschmidt;https://www.youtube.com/watch?v=zZZBgwRLW2A
Circle - Circular Sector - Calculate Circular Arc | Geometry | Mathematics | Lehrerschmidt;https://www.youtube.com/watch?v=3GBVFCAHDzc
Constructing Triangles - SSS - SWS - WSW | Geometry | Mathematics | Lehrerschmidt;https://www.youtube.com/watch?v=RurFYxDcTbU
Gleichungen mit Klammern | Terme und Gleichungen | Mathematik | Lehrerschmidt;https://www.youtube.com/watch?v=H8kah0htP2Q
Rechnen mit Klammern | Mathematik | Lehrerschmidt;https://www.youtube.com/watch?v=99szI22KyYE
Units of measurement - weight, distance, time, and area | Mathematics | Lehrerschmidt;https://www.youtube.com/watch?v=4Dumrwk1OWM
Constructing a Triangle (SWS) Line Segment, Angle, Line Segment | Geometry | Mathematics | Lehrer...;https://www.youtube.com/watch?v=xzEJccf26vg
Constructing a triangle (WSW) Angle, segment, angle | Geometry | Mathematics | Lehrerschmidt;https://www.youtube.com/watch?v=_XwbveJpxLg
Adding numbers from 1 to 100 | Gaussian series | Mathematics | Lehrerschmidt;https://www.youtube.com/watch?v=Ql0Es3somyM
Kegel - Oberfläche berechnen | Körper | Mathematik | Lehrerschmidt;https://www.youtube.com/watch?v=GcDY8WTlG6k
Kegel -  Volumen berechnen | Körper | Mathematik | Lehrerschmidt;https://www.youtube.com/watch?v=jtOvWPwFozE
Koordinatensystem mit negativem Bereich | Geometrie | Mathematik | Lehrerschmidt;https://www.youtube.com/watch?v=J7vUViXLZgo
Coordinate system - Plotting a point | Geometry | Mathematics | Lehrerschmidt;https://www.youtube.com/watch?v=_yCnpt7ZnkU
Drawing and labeling a square | Geometry | Mathematics | Lehrerschmidt;https://www.youtube.com/watch?v=E5d4YJ7yk10
Segment - Line - Ray | Geometry | Mathematics | Lehrerschmidt;https://www.youtube.com/watch?v=AECuUisDG0w
parallel and perpendicular | geometry | mathematics | Lehrerschmidt;https://www.youtube.com/watch?v=3AGXblc7Gq8
Rectangle - Calculate perimeter | Geometry | Mathematics | Lehrerschmidt;https://www.youtube.com/watch?v=M8kDaDHFBeg
Quadrat - Umfang berechnen | Geometrie | Mathematik | Lehrerschmidt;https://www.youtube.com/watch?v=xW55X3zrSFM
Rectangle - Calculate Area | Geometry | Mathematics | Lehrerschmidt;https://www.youtube.com/watch?v=W-U7AhrftZc
Kreis - Umfang berechnen | Geometrie | Mathematik | Lehrerschmidt;https://www.youtube.com/watch?v=k9Mpm-PG-Y8
Circle - Calculate Area | Geometry | Mathematics | Lehrerschmidt;https://www.youtube.com/watch?v=9ZtJ9Z0iUr0
Circle - Radius and Diameter | Geometry | Mathematics | Lehrerschmidt;https://www.youtube.com/watch?v=r_h_1aupuZ8
Gleichsetzungsverfahren | lineare Gleichungen | Schnittpunkt ermitteln | Lehrerschmidt;https://www.youtube.com/watch?v=r8o6sn1ER_0
Euclid's altitude theorem | Geometry | Mathematics | Lehrerschmidt;https://www.youtube.com/watch?v=CbuTIGh-Gx0
Euclid's Pythagorean Theorem | Geometry | Mathematics | Lehrerschmidt;https://www.youtube.com/watch?v=qPl4Duson2Y
unendlich Schokolade!!!! | Zauberei oder Mathematik? | Lehrerschmidt;https://www.youtube.com/watch?v=Bjwv8QilEfM
Geodreieck - Umgang mit dem Geodreieck | Geometrie | Mathematik | Lehrerschmidt;https://www.youtube.com/watch?v=E9IDJKo0oDc
Properties of geometric bodies | Geometry | Mathematics | Lehrerschmidt;https://www.youtube.com/watch?v=h_mOlujW1vc
Right-angled triangle - equilateral - isosceles | Geometry | Mathematics | Lehrerschmidt;https://www.youtube.com/watch?v=p9RqadRcyf0
Label a triangle correctly | Geometry | Mathematics | Lehrerschmidt;https://www.youtube.com/watch?v=Q6SzUvQ-aWs
Triangle - Constructing the incircle (incircle) | Geometry | Mathematics | Lehrerschmidt;https://www.youtube.com/watch?v=sVrFT--z5jc
Triangle - Constructing angle bisectors | Geometry | Mathematics | Lehrerschmidt;https://www.youtube.com/watch?v=hE3bhrsqdfk
Calculate efficiency | Electricity | Physics | Teacher Schmidt;https://www.youtube.com/watch?v=gOXEm2Gh5wc
Triangle - Constructing the perpendicular bisector | Geometry | Mathematics | Lehrerschmidt;https://www.youtube.com/watch?v=-4EQxnh22HU
Triangle - Constructing the Outer Circle | Geometry | Mathematics | Lehrerschmidt;https://www.youtube.com/watch?v=oFItb-MWRoM
Dreieck - Umfang berechnen | Geometrie | Mathematik | Lehrerschmidt;https://www.youtube.com/watch?v=5TpNWOmPoc0
Triangle - Calculate Area | Geometry | Mathematics | Lehrerschmidt;https://www.youtube.com/watch?v=p0e1Suf9vwA
Solids of revolution - geometric bodies | Mathematics | Lehrerschmidt;https://www.youtube.com/watch?v=5KGzJTtKAsQ
Drawing and determining quadratic equations (parabolas) | Mathematics | Lehrerschmidt;https://www.youtube.com/watch?v=c3GIAtOnbTE
Der Transformator (Trafo) | Elektrizität | Physik | Lehrerschmidt;https://www.youtube.com/watch?v=-HM18u4eQLE
P-Q formula | solving mixed quadratic equations | mathematics | Lehrerschmidt;https://www.youtube.com/watch?v=mojXbt2wNPc
The binomial formulas | quadratic equations | mathematics | Lehrerschmidt;https://www.youtube.com/watch?v=mCEyaMrHga4
3. binomial formula | quadratic equations | mathematics | Lehrerschmidt;https://www.youtube.com/watch?v=poNF1VvNNGk
2. binomial formula | quadratic equations | mathematics | Lehrerschmidt;https://www.youtube.com/watch?v=e_MoChPSVbI
1. binomial formula | quadratic equations | mathematics | Lehrerschmidt;https://www.youtube.com/watch?v=STYa0yFWLWE
Similarity - Trigonometry | Mathematics | Lehrerschmidt;https://www.youtube.com/watch?v=ChvUqvoh8xc
AHA - Tasks | Mathematics | Lehrerschmidt;https://www.youtube.com/watch?v=IRdJBeCM0mk
Premium and discount | Percentage calculation | Mathematics | Economics | Lehrerschmidt;https://www.youtube.com/watch?v=Q738HKGJDpY
Addition Method - Linear Equations | Terms | Mathematics | Lehrerschmidt;https://www.youtube.com/watch?v=TDVgMLVOAaU
Axial symmetry | Geometry | Mathematics | Lehrerschmidt;https://www.youtube.com/watch?v=moK5k30ASeI
Point reflection (with compass) | Geometry | Mathematics | Lehrerschmidt;https://www.youtube.com/watch?v=do6u7oVUPBg
Axial reflection - double reflection on two axes | Geometry | Mathematics | Lehrerschmidt;https://www.youtube.com/watch?v=WMh8mrAdLKw
Axis reflection with a compass or set square | Geometry | Mathematics | Lehrerschmidt;https://www.youtube.com/watch?v=0Rr6nC9ajGw
Second Ray Theorem | Mathematics | Geometry | Lehrerschmidt;https://www.youtube.com/watch?v=6kqlUQQzuRM
1. Strahlensatz (Vierstreckensatz) | Mathematik | Geometrie | Lehrerschmidt;https://www.youtube.com/watch?v=aLNB43StA24
reduced base value | percentage calculation | mathematics | Lehrerschmidt;https://www.youtube.com/watch?v=D56bgocG_qU
increased base value - increased base value | Percentage calculation | Mathematics | Lehrerschmidt;https://www.youtube.com/watch?v=Y0S2ICZ_vO0
Calculate mean | Data | Mathematics | Lehrerschmidt;https://www.youtube.com/watch?v=QNp3mxRkuW0
Calculate average | arithmetic mean | mathematics | Lehrerschmidt;https://www.youtube.com/watch?v=WU7oL_L_ooc
Create a tree diagram | Chance and data | Diagrams | Lehrerschmidt;https://www.youtube.com/watch?v=CqDR43XcIQA
Create boxplot | Diagrams | Mathematics | Lehrerschmidt;https://www.youtube.com/watch?v=-g0jql6cX_A
Create a strip chart | Charts | Mathematics | Lehrerschmidt;https://www.youtube.com/watch?v=0r55TGcVOyw
Create a pie chart | Diagrams | Mathematics | Teacher Schmidt;https://www.youtube.com/watch?v=uhIhG8uHS00
Create a line chart | Charts | Mathematics | Lehrerschmidt;https://www.youtube.com/watch?v=jAKo9VRUosQ
Säulendiagramm erstellen | Diagramme | Mathematik | Lehrerschmidt;https://www.youtube.com/watch?v=c7a-5mUXL6A
Calculate compound interest | Interest calculation | Mathematics | Lehrerschmidt;https://www.youtube.com/watch?v=RAPVnIMLpHA
Converting the interest formula | Interest calculation | Mathematics | Lehrerschmidt;https://www.youtube.com/watch?v=bwQcP2IZy_4
Calculate percentage (with formula) | Percentage calculation | Mathematics | Lehrerschmidt;https://www.youtube.com/watch?v=rJuA1gL1wDU
Dreisatz - Prozentsatz berechnen | Prozentrechnung | Mathematik | Lehrerschmidt - einfach erklärt!;https://www.youtube.com/watch?v=xooEyNT3OQc
Calculate base value (with formula) | Percentage calculation | Mathematics | Lehrerschmidt;https://www.youtube.com/watch?v=ZP2Sy1LBZy0
Rule of three - calculating the base value | Percentage calculation | Mathematics | Lehrerschmidt;https://www.youtube.com/watch?v=rATJxqaoyYU
Rule of three - calculating percentages | Percentage calculation | Mathematics | Lehrerschmidt;https://www.youtube.com/watch?v=u0ofHvw7JNo
Calculate percentage (with formula) | Percentage calculation | Mathematics | Lehrerschmidt;https://www.youtube.com/watch?v=8rQ6tpEIiHk
Gemischte Zahl | Bruchrechnung | Mathematik | EINFACH ERKLÄRT | Lehrerschmidt;https://www.youtube.com/watch?v=As9BSD09K80
Simplifying fractions - Expanding fractions | Fractions | Mathematics | Lehrerschmidt;https://www.youtube.com/watch?v=Co06uOfCvvw
Fractions - Introduction | Mathematics | SIMPLY EXPLAINED | Lehrerschmidt;https://www.youtube.com/watch?v=5Q3peK_BAW4
Subtracting fractions | Fractions | Mathematics | | Lehrerschmidt - simply explained!;https://www.youtube.com/watch?v=uv0LSF8Ke90
Dividing fractions | Fractions | Mathematics | SIMPLY EXPLAINED | Lehrerschmidt;https://www.youtube.com/watch?v=rk4RTZKxkeM
Adding fractions | Fraction arithmetic | Mathematics | Teacher Schmidt;https://www.youtube.com/watch?v=pJzNUeRxLhg
Multiplying fractions | Fractions | Mathematics | Lehrerschmidt;https://www.youtube.com/watch?v=sRxSrGXgoF8
Written division with decimal numbers | Mathematics | Lehrerschmidt - simply explained!;https://www.youtube.com/watch?v=QpP7InGNX98
Schriftliches Dividieren mit Rest - EINFACH ERKLÄRT | Mathematik | Lehrerschmidt;https://www.youtube.com/watch?v=81pqo-vkY3M
Schriftliches Dividieren - EINFACH ERKLÄRT | Mathematik | | Lehrerschmidt - einfach erklärt!;https://www.youtube.com/watch?v=2A-9_-GCXrA
SECRET!! Multiplying - The Teacher's Version - Ingenious Mental Arithmetic - Super Fast | Lehrers...;https://www.youtube.com/watch?v=CqFApSTSMRM
UNGLAUBLICH Multiplizieren OHNE zu rechnen! | Mathematik | Lehrerschmidt;https://www.youtube.com/watch?v=C9NxUoopPDY
Written multiplication (multiplication) with decimal numbers | Mathematics | | Lehrerschmidt;https://www.youtube.com/watch?v=GqcQJQbyEV8
Schriftliches Multiplizieren (Malrechnen) | Mathematik | Lehrerschmidt - einfach erklärt!;https://www.youtube.com/watch?v=DoLiVjAXu8c
Written addition with decimal numbers | Mathematics | Lehrerschmidt;https://www.youtube.com/watch?v=Y648gQFOhEI
9-series - 1x9 - Finger trick | Mathematics (life hack) | Lehrerschmidt;https://www.youtube.com/watch?v=XEiRMGXZCyQ
Written Addition | Mathematics - Simply Explained | Teacher Schmidt;https://www.youtube.com/watch?v=Vn3D_xMLtDQ
Semi-written addition | Mathematics | Lehrerschmidt;https://www.youtube.com/watch?v=YQdk6X5jqbI
Written subtraction with decimal numbers | Mathematics | Lehrerschmidt;https://www.youtube.com/watch?v=9p5UnWDUEgA
Written subtraction using the addition method | Mathematics | Basic arithmetic;https://www.youtube.com/watch?v=tfvZdtsw5Xw
Written subtraction using the subtraction method (crossing out) | Mathematics;https://www.youtube.com/watch?v=yHfT9loyV5E
Written Subtraction - Subtraction Method | Mathematics | Lehrerschmidt;https://www.youtube.com/watch?v=2frxsNHkM7o
Written subtraction with multiple numbers | Mathematics | Basic arithmetic;https://www.youtube.com/watch?v=owU5R5DwiSg
Schriftliches Subtrahieren mit Zehnerübergang | Mathematik | Lehrerschmidt;https://www.youtube.com/watch?v=E3PwUDzSSIM
Written subtraction without transition to ten | Mathematics | Lehrerschmidt;https://www.youtube.com/watch?v=uYsYpoXRR28
Semi-written subtraction - Minus calculation - Mathematics | Lehrerschmidt;https://www.youtube.com/watch?v=8LDM3kb1N1g
Halbschriftliches Addieren | Mathematik | Lehrerschmidt;https://www.youtube.com/watch?v=ZzaG7vuNBDA
Einen Brief richtig beschriften (adressieren) | Sachunterricht | | Lehrerschmidt - einfach erklärt!;https://www.youtube.com/watch?v=VJkfBl8rN5I
LED lighting - Is the switch really worth it? | Physics - Electricity | Lehrerschmidt;https://www.youtube.com/watch?v=OlLoE56NStw
Electrical Energy | Electricity - Physics | Lehrerschmidt;https://www.youtube.com/watch?v=oK9SE95Jkew
Elektrische Leistung  | Physik - Elektrizität | Lehrerschmidt;https://www.youtube.com/watch?v=lj3x8H_sqLY
Delayed motion - braking process | Mechanics - Physics | Lehrerschmidt;https://www.youtube.com/watch?v=mG9v2zavNls
Acceleration - uniformly accelerated motion | Physics - Mechanics | Teacher Schmidt;https://www.youtube.com/watch?v=JHcyonExGZs
Nuclear Power - Pros and Cons | Physics - Nuclear Physics | Lehrerschmidt;https://www.youtube.com/watch?v=wJ9Sjlkof-0
Right before left | General knowledge - Traffic education | Lehrerschmidt;https://www.youtube.com/watch?v=P8s4ibn4d-U
Fan - Electricity costs per hour | Electricity | Physics | Lehrerschmidt;https://www.youtube.com/watch?v=dlQs94ggTdo
Atomic physics - Becquerel, Curie, Rutherford, Thomson, Röntgen, Hahn, and Oppenheimer | Lehrersc...;https://www.youtube.com/watch?v=-6TpIAPoFgg
Atombombe - Aufbau, Funktion und Geschichte | Atomphysik - Physik | Lehrerschmidt;https://www.youtube.com/watch?v=J_JQFHer6S0
Nuclear power plant - structure and function | Physics - Nuclear physics | Lehrerschmidt;https://www.youtube.com/watch?v=hSDbR5njrEg
Chain reaction - controlled and uncontrolled | Physics - Atomic physics | Lehrerschmidt;https://www.youtube.com/watch?v=zcajSbKIYPQ
Nuclear fission - Atoms can be split | Physics - Atomic physics | Lehrerschmidt;https://www.youtube.com/watch?v=7jNxsd_yQN4
Atomic models - raisin cake - nucleus-shell and shell model | Physics - Atomic physics | Lehrersc...;https://www.youtube.com/watch?v=5B7j8a8dcEM
Atomic number - Mass number - Isotope | Atomic physics | Lehrerschmidt;https://www.youtube.com/watch?v=ArQg10JHyQw
Half-life - radioactive decay | Physics - Atomic physics | Lehrerschmidt;https://www.youtube.com/watch?v=2P_iGccjx_E
Radioactivity - Alpha, Beta, and Gamma Radiation | Physics - Atomic Physics | Lehrerschmidt;https://www.youtube.com/watch?v=vnoCgrPJ9CE
Langeoog - An East Frisian island in the North Sea | Science | Lehrerschmidt;https://www.youtube.com/watch?v=j9l_km7KDX8
Anhalteweg - Reaktionsweg - Bremsweg | Physik - Mechanik | Lehrerschmidt;https://www.youtube.com/watch?v=zELzOssHpzY
Cursive writing - Latin and simplified script - Basic script | Lehrerschmidt;https://www.youtube.com/watch?v=zv4CxQkHfl0
Pulley system - loose pulley - fixed pulley | Physics - Mechanics | Teacher Schmidt;https://www.youtube.com/watch?v=ACewjY8fM1I
Water Cycle | Science - Geography | Lehrerschmidt;https://www.youtube.com/watch?v=Ke5UTHkbXiU
Wind - How wind is created | Science - Geography | Beaufort scale | Lehrerschmidt;https://www.youtube.com/watch?v=WyyU7GrZWog
Geyser | Cold-water geyser | Geography - Volcanism | Lehrerschmidt;https://www.youtube.com/watch?v=069PhS8Y0Bg
Plate Tectonics - Introduction and Terms | Geography | Lehrerschmidt;https://www.youtube.com/watch?v=73Y-zFkDRMY
Magma or lava - the difference | Lehrerschmidt | Geography | Lehrerschmidt;https://www.youtube.com/watch?v=uNHpU8DxSmY
Hot spot | Geography | Plate tectonics | Lehrerschmidt;https://www.youtube.com/watch?v=fXg4rEQ9-r8
Subduction - convergent plate boundary | Geography | Plate tectonics | Lehrerschmidt;https://www.youtube.com/watch?v=bDgvXw4szmY
Mountain building - orogeny | Geography | Plate tectonics | Lehrerschmidt;https://www.youtube.com/watch?v=IShgt5-RP2Q
Seafloor spreading - divergent plate boundary | Plate tectonics | Geography | Lehrerschmidt;https://www.youtube.com/watch?v=2mSSzjcMHaA
Volcanoes - Stratocaster - Shield Volcano | Geography | Lehrerschmidt;https://www.youtube.com/watch?v=a9bI1SwWPjs
Experiment: Does water conduct electricity? | Physics | Lehrerschmidt;https://www.youtube.com/watch?v=Ix7VCYPHJP8
Earth's shell structure | Geography | Lehrerschmidt;https://www.youtube.com/watch?v=7x0f75oIr0k
Verschiebung | geometrische Figuren verschieben | Mathematik | Geometrie | Lehrerschmidt;https://www.youtube.com/watch?v=kIDIUO5zDGc
Solar eclipse | Physics - Optics | Lehrerschmidt;https://www.youtube.com/watch?v=I5Ui2mxUvC8
Shadow - Shadow Space - Shadow Image | Physics - Optics | Lehrerschmidt;https://www.youtube.com/watch?v=y-WCo42--qg
Light Ray and Light Beam Model | Optics - Physics | Lehrerschmidt;https://www.youtube.com/watch?v=M5ntbfEJukU
Umbral shadow and penumbra | Physics - Optics | Lehrerschmidt;https://www.youtube.com/watch?v=Xv7055sSkCI
Halbschriftliches Dividieren | Mathematik | Lehrerschmidt;https://www.youtube.com/watch?v=ne727UBDkKs
Doppler Effect - Why the Sound of a Siren Changes | Physics - Acoustics | Lehrerschmidt;https://www.youtube.com/watch?v=_YiACV2-o74
Aggregatzustände | fest - flüssig - gasförmig | Physik - Chemie | Lehrerschmidt;https://www.youtube.com/watch?v=8W-ZHz80g1U
Natural and artificial light sources | Physics - Optics | Lehrerschmidt;https://www.youtube.com/watch?v=uOhDqzrKELM
Self-luminous bodies and illuminated bodies | Physics - Optics | Lehrerschmidt;https://www.youtube.com/watch?v=YvXW3sK7epM
Light source | Physics - Optics | Lehrerschmidt;https://www.youtube.com/watch?v=9ZzdKUVbgQQ
May Day Holiday - Why exactly? Labor Day? | Lehrerschmidt;https://www.youtube.com/watch?v=GggUN3NAk9s
Deposit money into my account | Work-Economy | Money | Lehrerschmidt;https://www.youtube.com/watch?v=QsjKEPK_0fA
Fill out a transfer form - Transfer money to another account | Teacher Schmidt;https://www.youtube.com/watch?v=b9b0jzJt5a4
Slipknot | Inland and maritime shipping | Knots | Lehrerschmidt;https://www.youtube.com/watch?v=VITRcdgyCqM
Bowline (simple) | Inland and maritime shipping | Knots | Lehrerschmidt;https://www.youtube.com/watch?v=EsdypM-xzD4
Reading the clock - Time | Social studies - Time | Lehrerschmidt;https://www.youtube.com/watch?v=RiCW857EXok
Day and Night | Geography - Physics - General Studies | Lehrerschmidt;https://www.youtube.com/watch?v=TsEA6CBSwvY
Reflexionsgesetz | Optik - Physik | Lehrerschmidt;https://www.youtube.com/watch?v=ua5erp_8V1c
What is a sluice? | Geography - General Studies - North Sea | Lehrerschmidt;https://www.youtube.com/watch?v=yjMZ9dRiy9E
Direct speech with examples | German - Grammar | Lehrerschmidt;https://www.youtube.com/watch?v=YTVgH3UxUDc
Comparing adjectives | German - Grammar | Positive - Comparative - Superlative | Lehrerschmidt;https://www.youtube.com/watch?v=qB6cBWD-E-w
Gemischte Schaltung berechnen | Spannung - Stromstärke | Physik - Elektrizität | Lehrerschmidt;https://www.youtube.com/watch?v=MRnepT9eQbY
Calculate parallel circuit - partial current - equivalent resistance | Physics - Electricity;https://www.youtube.com/watch?v=BdqJaRiqa-0
Reihenschaltung berechnen - Gesamtwiderstand - Teilspannungen | Physik - Elektrizität;https://www.youtube.com/watch?v=duebvj0_h8E
Ohm's Law (URI) with examples | Physics | Lehrerschmidt;https://www.youtube.com/watch?v=F5C80ZLJi3c
Kommunikationsquadrat | Vier-Ohren-Modell | Schulz von Thun | Lehrerschmidt;https://www.youtube.com/watch?v=JRwSNkDO9I4
Direct current and alternating current | Physics - Electricity | Lehrerschmidt;https://www.youtube.com/watch?v=k_tpmf5KJvQ
Electric current | Electricity - Physics | Lehrerschmidt;https://www.youtube.com/watch?v=oi1-rr40Z-g
Electrical voltage | Electricity - Physics | Lehrerschmidt;https://www.youtube.com/watch?v=Sl7utffKpEE
Folding a small book | Multiplication table book | Lehrerschmidt crafts;https://www.youtube.com/watch?v=dGKZkJmf4Ik
Cube - Calculate Volume | Mathematics | Lehrerschmidt;https://www.youtube.com/watch?v=VSkowBFjx0A
small paper box with lid | Lehrerschmidt crafts;https://www.youtube.com/watch?v=6PDU4q0nwfg
Homemade muesli bars – healthy and delicious | Lehrerschmidt;https://www.youtube.com/watch?v=-ICMu50aisE
Homemade soap bubbles – easy, quick, and inexpensive | Lehrerschmidt;https://www.youtube.com/watch?v=7fPmD4XeR-E
Low-carb chocolate sin - bake chocolate cake in 2 minutes | Lehrerschmidt;https://www.youtube.com/watch?v=sH4zvpL0Neo
Holy Week and Easter - Sister Johanna explains! | Lehrerschmidt asks;https://www.youtube.com/watch?v=JHBrrxIY1No
Electricity costs for smartphones? How much does charging actually cost per year? -Electricity co...;https://www.youtube.com/watch?v=iDoMBcB9YSI
Calculating a Cone Tower - Volume and Surface Area | Mathematics | Lehrerschmidt;https://www.youtube.com/watch?v=iRHl4m61bXA
Kopfrechnen - superschnell - genialer Rechentrick | Lehrerschmidt;https://www.youtube.com/watch?v=PCcK92FAzwo
Pyramid or cone - determining the side height | Mathematics | Lehrerschmidt;https://www.youtube.com/watch?v=a0hWyoPZHiA
How does a battery work? | Lehrerschmidt;https://www.youtube.com/watch?v=xhcUSQnur_c
Wechselschaltung - Elektrizität  | Physik | Lehrerschmidt;https://www.youtube.com/watch?v=HCMjci9P7-E
Circuit symbols - drawing electrical circuits | Physics | Lehrerschmidt;https://www.youtube.com/watch?v=_v-EScYO0Y4
Schaltzeichen | Stromkreis zeichnen | Lehrerschmidt;https://www.youtube.com/watch?v=9CZvzUbk1no
OR circuit | General knowledge - physics | Lehrerschmidt;https://www.youtube.com/watch?v=XYvsSZV1vSc
Parallelschaltung | Sachunterricht - Physik | Lehrerschmidt;https://www.youtube.com/watch?v=RD3mxD7KbsM
Series circuit | General education - Physics | Lehrerschmidt;https://www.youtube.com/watch?v=cPWH145C7D0
UND-Schaltung  | Sachunterricht - Physik | Lehrerschmidt;https://www.youtube.com/watch?v=b4I7et0vc5Y
Simple electrical circuit with and without switch | Science - Physics | Lehrerschmidt;https://www.youtube.com/watch?v=1bTd9geHSGs
Light Bulb - Structure and Factual Knowledge | General Studies - Physics | Lehrerschmidt;https://www.youtube.com/watch?v=ldF3kPArp2o
Calculating with symbols | Mathematics | Lehrerschmidt;https://www.youtube.com/watch?v=HlpKW6JsAtY
Subtraction with a gap | Mathematics | Lehrerschmidt;https://www.youtube.com/watch?v=7q7QMMQQpOc
Addition with a gap | Mathematics | Lehrerschmidt;https://www.youtube.com/watch?v=ZwEcZJPG_30
Compass - Structure and Function | Social Studies - Physics | Lehrerschmidt;https://www.youtube.com/watch?v=l0MXeskivD4
Build your own compass | Science lessons - Physics | Lehrerschmidt;https://www.youtube.com/watch?v=jiGrvXWNotk
Drawing a compass rose | Science lessons - Physics | Lehrerschmidt;https://www.youtube.com/watch?v=PJ6pjXhErlY
Earth's magnetic field | General knowledge - Physics | Lehrerschmidt;https://www.youtube.com/watch?v=j7ivKgL6GSY
Why does the compass point north? | Science - Physics | Lehrerschmidt;https://www.youtube.com/watch?v=7cdP9I_xgNE
Shielding against magnetic effects | Science lessons - Physics | Lehrerschmidt;https://www.youtube.com/watch?v=dL0VAb9RkAo
Leap Year - February 29 - Why? | Geography - Social Studies | Lehrerschmidt;https://www.youtube.com/watch?v=7JRowzdYmrU
Low Carb - Schinken-Ei-Käse-Muffins | Lehrerschmidt;https://www.youtube.com/watch?v=UYsbNono2tY
Magnet - What substances does it attract? | Science - Physics | Lehrerschmidt;https://www.youtube.com/watch?v=DoRCn-q1XXw
Magnets can be shared | Science - Physics | Lehrerschmidt;https://www.youtube.com/watch?v=9qtbUn-QTA0
Magnetic force can penetrate other materials | Physics - General Education | Lehrerschmidt;https://www.youtube.com/watch?v=oKF4Ys7Y1zA
Magnetic interaction - magnets attract and repel each other | Lehrerschmidt;https://www.youtube.com/watch?v=eafSc4BaAdQ
The magnetic field | Permanent magnetism | Physics - General knowledge | Lehrerschmidt;https://www.youtube.com/watch?v=5FRdulem8c4
Magnets have two poles | Science - Physics | Lehrerschmidt;https://www.youtube.com/watch?v=XZ2Nsjgdyww
Magnets can have different shapes | Magnetism | Science - Physics | Lehrerschmidt;https://www.youtube.com/watch?v=JL1lFdIIMcw
Coke-Mentos Experiment | Physics - Chemistry | Lehrerschmidt;https://www.youtube.com/watch?v=tSbZLSo93zM
Homemade low-carb yogurt gums in 2 minutes | Lehrerschmidt;https://www.youtube.com/watch?v=iTXTQujvTE4
Low-carb bread | Seed bread | Prepared in two minutes | Lehrerschmidt;https://www.youtube.com/watch?v=lXPlnZSj8j8
increased (increased) base value - Percentage calculation | Mathematics | Lehrerschmidt;https://www.youtube.com/watch?v=7uBHTprZ9Ms
Reduced base value - Percentage calculation | Mathematics | Lehrerschmidt;https://www.youtube.com/watch?v=9Y3eLNrK_rk
Create a boxplot | Data - Diagrams | Mathematics | Lehrerschmidt;https://www.youtube.com/watch?v=Tq9Pu4WXEng
Mittelwert - Durchschnitt berechnen | Daten | Mathematik | Lehrerschmidt;https://www.youtube.com/watch?v=xuBf8z1vwDE
Create a strip chart | Data - Charts | Mathematics | Lehrerschmidt;https://www.youtube.com/watch?v=heKyMFKqwro
Low Carb - Fettburner-Drink - gesund - lecker - lange sättigend | Lehrerschmidt;https://www.youtube.com/watch?v=sbOetA4jIQc
Federal states and state capitals | Geography | Lehrerschmidt;https://www.youtube.com/watch?v=_d87yHYuLDY
Low-carb wine gums – homemade in 2 minutes! | Lehrerschmidt;https://www.youtube.com/watch?v=YXyAxX_ewts
Quadrat - zeichnen und beschriften | Mathematik  | Lehrerschmidt;https://www.youtube.com/watch?v=O3coQEHIKlg
Rechteck - Flächenberechnung | Mathematik | Klassen 3 - 6 | Lehrerschmidt;https://www.youtube.com/watch?v=v1_UFMWnnuQ
Square - Area Calculation | Mathematics | Lehrerschmidt | Grades 4 - 6;https://www.youtube.com/watch?v=cnDjtYo9IrE
Regular and irregular verbs | German | Lehrerschmidt;https://www.youtube.com/watch?v=Nz2opgY4-lA
Strong verb - weak verb - an explanation | German | Lehrerschmidt;https://www.youtube.com/watch?v=J61TaPemp6I
Reduce fractions - Expand fractions | Fractions | Mathematics | Lehrerschmidt;https://www.youtube.com/watch?v=FHqKJiPnk4E
Converting a mixed number into an improper fraction | Fractions | Mathematics;https://www.youtube.com/watch?v=cEreCKbvOPY
The Ring Parable | Nathan the Wise | Lessing 1779 | Lehrerschmidt | General Knowledge;https://www.youtube.com/watch?v=tCFOXZLX-vY
Symmetry - Axial Symmetry | Lehrerschmidt;https://www.youtube.com/watch?v=jNlEG_jAKLs
Conjugation - Conjugating a verb | Lehrerschmidt | Learn German;https://www.youtube.com/watch?v=CG6HGetUhQA
Übersicht über deutsche Zeitformen (Tempus) | Lehrerschmidt | Deutsch lernen;https://www.youtube.com/watch?v=HJt1fllNbwg
Written subtraction - subtraction method | Lehrerschmidt;https://www.youtube.com/watch?v=HNk-3nho--c
How is a rainbow formed? | Lehrerschmidt | Geography + Physics + Science;https://www.youtube.com/watch?v=jzC-SEhLOgc
definite, indefinite article (companion) | Lehrerschmidt;https://www.youtube.com/watch?v=D-QB6CixAF8
Plotting a linear function | Lehrerschmidt | Grades 7-10;https://www.youtube.com/watch?v=DKj2Gm62u5I
Sum, difference, product, and quotient | Mathematical terms | Lehrerschmidt;https://www.youtube.com/watch?v=URNcmS6cWWU
Point test - linear equation | Lehrerschmidt | Grades 8-10;https://www.youtube.com/watch?v=EL8nFhYfVSw
Equations - Terms with Parentheses | Lehrerschmidt | Grades 7-10;https://www.youtube.com/watch?v=D_Ven3wX3qs
I.N.R.I. - Meaning - Inscription on the cross of Jesus | Lehrerschmidt | General knowledge;https://www.youtube.com/watch?v=KO59GT9cTq8
artesian well | Lehrerschmidt | geography;https://www.youtube.com/watch?v=C0KSxRzrqQk
Germany's Neighboring Countries | Lehrerschmidt | Geography;https://www.youtube.com/watch?v=i2HwED0Bg5A
Epochs - An Overview | Lehrerschmidt | History;https://www.youtube.com/watch?v=A9bXYAjgL-8
Finally, infinite chocolate | Lehrerschmidt | Geometry;https://www.youtube.com/watch?v=B_1YukdDfOo
Units of measurement - distance - weight - time - area - Lehrerschmidt;https://www.youtube.com/watch?v=qfKjg9LE4ag
Gram - kilogram - ton - weights | Lehrerschmidt;https://www.youtube.com/watch?v=GK_HE9ehFlY
Calculate scale - 1:500,000 | Lehrerschmidt | Geography & Mathematics;https://www.youtube.com/watch?v=uX4SPZBzzyI
Quadrat mit drei Strichen zeichnen | Lehrerschmidt;https://www.youtube.com/watch?v=fU9JAVbnSM8
1x9 - Fingertrick | Lehrerschmidt |;https://www.youtube.com/watch?v=Qz8qM-YNgC0
Numbers and Digits - A Difference - An Explanation | Lehrerschmidt;https://www.youtube.com/watch?v=168mY9my-PY
Prism - Calculating Surface Area | Lehrerschmidt | 7th Grade;https://www.youtube.com/watch?v=SxbOlo0QlfQ
Prism - Calculating Volume | Lehrerschmidt | Grade 7;https://www.youtube.com/watch?v=DR7AAhg1gqY
Trapezoid - Calculating Area | Lehrerschmidt | Grade 7;https://www.youtube.com/watch?v=9wHuB-iDIVM
Dividing numbers with a decimal point | Lehrerschmidt;https://www.youtube.com/watch?v=4aiIgVsRMxk
Rule of three - base value - percentage value - percentage | Lehrerschmidt | Grade 7;https://www.youtube.com/watch?v=tsAZSNrwJLE
Dot-calculus before line-calculus | Lehrerschmidt;https://www.youtube.com/watch?v=qijx1YYqfjw
Planets in the Solar System | Teacher's Note | Geography;https://www.youtube.com/watch?v=DwKdpkWBTZA
East Frisian Islands Memorization | Lehrerschmidt Geography;https://www.youtube.com/watch?v=aItUdUNKqA0
Composite surfaces | Lehrerschmidt | Grades 5 - 7;https://www.youtube.com/watch?v=xevMyoYooKI
Trigonometry - Introduction | Lehrerschmidt | Grades 8 - 10;https://www.youtube.com/watch?v=mgDaaj9xBj4
Roots | Lehrerschmidt | Grades 8 - 10;https://www.youtube.com/watch?v=LO0j7RfEJpQ
Terme | Lehrerschmidt | Grade 7;https://www.youtube.com/watch?v=VjyMA-O3jn8
Constructing Triangles (SSS, WSW, SWS) | Lehrerschmidt | Grade 7;https://www.youtube.com/watch?v=aBldW_w-KAg
Proportional Assignment | Lehrerschmidt | Grades 6 - 7;https://www.youtube.com/watch?v=Ax2N1vcFPE8
Compass | Lehrerschmidt | Grades 3 - 10;https://www.youtube.com/watch?v=b4BydDjqaPM
Calculator Tips (TI-30) | Lehrerschmidt | Grades 8 - 10;https://www.youtube.com/watch?v=3IqeVP4zV9I
Drawing & Measuring Angles | Lehrerschmidt | Grades 4-8;https://www.youtube.com/watch?v=LsF-v89AxEs
Roman Numerals | Lehrerschmidt | Grades 3 - 5;https://www.youtube.com/watch?v=lAJcAOKcGVY
Percentage calculations with formulas | Lehrerschmidt | Grades 8-10;https://www.youtube.com/watch?v=qa8UhuhYooQ
Fractions - Introduction | Lehrerschmidt | Grade 5;https://www.youtube.com/watch?v=hl_Xh5MyRIU
Schriftliches Dividieren | Lehrerschmidt | Klasse 4;https://www.youtube.com/watch?v=vKkSKYdDqmc
Written Multiplication | Lehrerschmidt | Grade 4;https://www.youtube.com/watch?v=QxIyeis2pyo
Written Subtraction | Lehrerschmidt | Grade 4;https://www.youtube.com/watch?v=wweXKfoprRg
The greatest mystery in mathematics…;https://www.youtube.com/shorts/olC7B5JvOVw
Please turn on the light on your bike;https://www.youtube.com/shorts/oPfKTtNDPbo
The vacation is over!;https://www.youtube.com/shorts/gK777hwDeYs
Livestream - just a quick test!;https://www.youtube.com/watch?v=NgN97M-hDqc
Finally live again! Just like that...;https://www.youtube.com/watch?v=1YfzeoulMhY
100K-Special-Livestream! Es gibt Neuigkeiten!;https://www.youtube.com/watch?v=C_wt-JGsUUc
100K Special Livestream! There's news!;https://www.youtube.com/watch?v=dJzB377S89k
90K-Special-Livestream! Ich habe heute viele viele viele Themen mitgebracht!;https://www.youtube.com/watch?v=9CUfb0uUOyU
